time,text,replies,retweets,likes,anger,anticipation,disgust,fear,joy,sadness,surprise,trust,negative,positive
8/29/17,napa valley tesla finnish tesla model s taxi driver crosses 400000 km 93  battery life remains,165,677,4900,1,0,1,1,0,0,0,1,2,2
10/8/17,"jupiter  big
shadowed   grandeur  jupiter 2   planets largest moonsioeuropaare seen  ",685,4500,29000,0,0,0,0,0,0,0,0,0,1
12/23/17,  liked tonights launch  will really like falcon heavy next month 3 rocket cores3x thrust 2 cores return  base  synchronized aerobatics 3rd lands  droneship,2900,22000,125000,1,1,0,0,0,0,0,1,0,1
12/23/17,46k limited edition boring hats sold 4k  go  flamethrower,1000,2700,33000,1,1,0,0,0,1,0,0,2,0
12/23/17, think last night might    biggest rorschach test ever,1100,7100,60000,0,0,0,0,0,0,0,0,0,0
12/24/17,hats sold  flamethrowers soon,2300,8100,81000,0,0,0,0,0,0,0,0,0,0
12/26/17,"wanted   send  note  deep gratitude  tesla owners ww  taking  chance   new company   expes said  fail 

 much blood sweattears   tesla team went  creating cars  youd truly love  hope  

 can  improve fuher",16000,14000,141000,0,2,0,0,4,0,2,3,0,4
1/2/18, photos  falcon heavy   launch pad <U+2192>,736,6800,32000,0,1,0,0,0,0,0,0,0,2
1/2/18,"come work   biggestmost advanced factory  eah located   river near  beautiful sierra nevada mountains  wild horses roaming free
join  gigafactory team",3600,8200,59000,0,0,0,0,1,0,1,1,1,3
1/3/18,using  neural net  detect rain using cameras  dedicated rain  sun sensors computers   patient,755,2600,19000,0,2,0,0,1,0,1,1,0,3
1/4/18,,694,4200,30000,0,0,0,0,0,0,0,0,0,0
1/4/18,falcon heavy goes veical,2300,17000,94000,0,0,0,0,0,0,0,0,0,0
10/8/17, model 3 body line slowed   110th speed,500,1300,8600,0,0,0,0,0,0,0,0,0,1
1/4/18,watch  tesla model x allelectric suv tow  semi truck stuck   snow,814,7400,32000,0,1,0,1,0,0,0,1,0,1
1/6/18,gonna put  old school drivein roller skatesrock restaurant  one   new tesla supercharger locations  la,4700,18000,190000,0,0,0,0,0,0,0,1,0,0
1/7/18,falcon 9 first stage  landed  landing zone 1,947,5200,36000,0,0,0,0,0,0,0,0,0,1
1/8/18,long exposure  rocket ascent reentry  space  landing burn credit,845,3300,22000,1,1,0,0,0,0,0,1,0,2
1/14/18,alibabas aificial intelligence  scored better  humans   stanford reading test,225,2000,5200,0,0,0,1,1,0,0,1,0,2
1/15/18,safe,303,1300,6500,0,0,0,0,1,0,0,1,0,1
1/24/18,falcon heavy holddown firing  morning  good generated quite  thunderhead  steam launching   week  ,2300,15000,87000,0,1,0,0,1,0,1,1,0,1
1/24/18," raw video   

 french space repoer just yelled  like  4th  july",363,4500,16000,0,0,0,0,0,0,0,0,0,0
1/27/18,aiming  first flight  falcon heavy  feb 6  apollo launchpad 39a  cape kennedy easy viewing   public causeway,1600,12000,60000,0,1,0,0,0,0,0,0,0,1
1/27/18,youd need millions  zombies   socalled apocalypse anyway    even get  factory big enough  make  many,4300,16000,118000,0,0,0,0,0,0,0,0,0,0
10/9/17,awesome nighttime shot   falcon 9 plummeting toward  droneship,75,567,3600,1,0,0,1,0,1,1,0,1,0
1/27/18,unless  like fun,1100,15000,97000,0,1,0,0,1,0,0,0,0,1
1/27/18,obviously  flamethrower   super terrible idea definitely dont buy one,2200,20000,118000,1,0,1,1,0,1,0,0,1,0
1/27/18, rumor  im secretly creating  zombie apocalypse  generate demand  flamethrowers  completely false,6500,100000,380000,1,0,0,0,0,1,0,0,2,1
1/27/18,  zombie apocalypse happens youll  glad  bought  flamethrower works  hordes   undead   money back,3100,28000,146000,1,2,0,0,2,0,1,1,0,2
1/27/18,dont  ,882,3500,20000,0,0,0,0,0,0,0,0,0,0
1/27/18,great  roasting nuts,765,1400,14000,0,0,0,0,0,0,0,0,0,0
1/27/18, boring company flamethrower guaranteed  liven   pay,1900,11000,42000,0,1,0,0,1,0,0,1,1,1
1/27/18,say hello   little friend,704,1600,14000,0,0,0,0,1,0,0,1,0,1
1/27/18,1000 ordered already  19000 left,1300,2500,44000,0,0,0,0,0,0,0,0,0,0
1/28/18, wait theres   flamethrower  sentient  safe word  cryptocurrency   comes   free blockchain,2800,18000,116000,0,1,0,0,1,0,0,2,1,2
10/9/17,falcon 9 first stage  landed  just read  instructions,355,4000,21000,0,1,0,0,0,0,0,1,0,1
1/29/18,10k,1000,726,20000,0,0,0,0,0,0,0,0,0,0
1/30/18,15k,776,744,19000,0,0,0,0,0,0,0,0,0,0
1/30/18,falcon heavy  foreground  launch complex 39a  falcon 9  background  40,519,2200,17000,0,1,0,0,0,0,0,0,0,1
1/30/18,,1400,3400,25000,0,0,0,0,0,0,0,0,0,0
1/31/18,flamethrowers sold ,3400,21000,154000,0,0,0,0,0,0,0,0,0,0
1/31/18, flamethrowers will ship   complimentary boring fire extinguisher,1900,13000,122000,0,1,0,1,0,0,0,0,1,0
1/31/18,successful deployment  govsat1   geostationary transfer orbit confirmed,256,1800,15000,0,1,0,0,1,0,0,2,0,2
1/31/18,t60 minutes  falcon 9 launch  govsat1 launch webcast will go live  15 minutes  liftoff <U+2192>,193,1600,8900,0,1,0,0,0,0,0,0,0,1
1/31/18, rocket  meant  test  high retrothrust landing  water   didnt hu  droneship  amazingly   survived  will try  tow  back  shore,1600,6000,51000,1,0,0,0,1,0,1,0,0,1
2/1/18,small detail   one will come   serial number  1  20000,1200,2100,33000,0,1,0,0,0,0,0,0,1,0
10/9/17,mars  5 million cubic km  ice enough  cover  whole planet   depth  35 m 115 ft just need  warm    bit,759,4100,17000,0,0,0,0,0,0,0,2,0,1
2/2/18,apparently  customs agencies  saying  wont allow shipment  anything called  flamethrower  solve    renaming    flamethrower,5800,77000,381000,0,1,0,0,0,0,0,0,0,0
2/2/18, maybe temperature enhancement device,3100,11000,113000,0,0,0,0,0,0,0,0,0,0
2/2/18,customs problem solved,1600,14000,95000,0,0,0,1,0,1,0,0,1,0
2/3/18,falcon heavy launch simulation almost ready will  set  bowies life  mars,1100,7200,65000,0,2,0,0,0,0,0,0,0,1
2/4/18,regular depaures,829,5200,40000,0,0,0,0,0,0,0,0,0,0
2/4/18,starman  red roadster,750,2300,16000,0,0,0,0,1,0,0,1,0,1
2/4/18,,1200,12000,77000,0,0,0,0,0,0,0,0,0,0
2/4/18,falcon heavy remains go  launch  130pm  tuesday,1100,6900,44000,0,1,1,1,0,0,0,1,1,2
2/4/18,mars awaits,679,2300,18000,0,0,0,0,0,0,0,0,0,0
2/4/18,pale blue dot,729,6700,30000,0,0,0,0,0,1,0,0,0,0
10/9/17, last  ten iridium global communication satellites delivered  orbit several hundred miles,608,1100,10000,0,0,0,0,0,0,0,1,0,0
2/4/18,tesla australia  turn 50000 homes ,330,2700,13000,0,0,0,0,0,0,0,0,0,0
2/4/18,florida time,535,865,15000,0,1,0,0,0,0,0,0,0,0
2/5/18,falcon heavy sends  car  mars,2500,16000,56000,0,0,0,0,0,0,0,0,0,0
2/5/18, systems remain green  launch  130pm est tomorrow,971,4100,31000,0,2,0,0,1,0,0,1,0,2
2/6/18,third burn successful exceeded mars orbit  kept going   asteroid belt,6600,37000,193000,1,1,0,1,1,0,0,1,1,1
2/6/18,ohh  god,477,9600,46000,0,1,0,1,1,0,0,1,0,1
2/6/18,  rocket lz,669,2300,22000,1,0,0,0,0,0,0,0,0,0
2/6/18,printed   circuit board   car  deep space,1900,16000,75000,0,1,0,0,0,0,0,0,0,0
2/6/18,currently  australia,4700,43000,186000,0,0,0,0,0,0,0,0,0,0
2/6/18,live view  starman,3600,25000,74000,0,0,0,0,0,0,0,0,0,0
10/9/17,successful deployment  10,156,1800,9300,0,1,0,0,1,0,0,1,0,1
2/6/18,view  spacex launch control apparently    car  orbit around eah,14000,172000,480000,0,1,0,0,0,0,0,0,0,1
2/6/18,upper stage resta nominal apogee raised  7000 km will spend 5 hours getting zapped  van allen beltsthen attempt final burn  mars,3000,15000,107000,0,1,0,0,0,0,0,0,0,0
2/6/18,camera views  inside  payload fairing,2400,8600,43000,0,0,0,0,0,0,0,0,0,0
2/6/18,rocket lz 1  2,1700,3900,30000,1,0,0,0,0,0,0,0,0,0
2/6/18, 25 hours  t0  falcon heavy watch sim  highlight reel    hope happens car actually takes 6 months  cover 200m+ miles  mars,1400,7300,32000,0,2,0,1,1,0,1,2,0,1
2/6/18,live webcast   launch ,644,7800,25000,0,1,0,0,0,0,0,0,0,1
2/6/18,falcon heavy side cores  landed  spacexs landing zones 1  2,6100,76000,232000,0,0,0,0,0,0,0,0,0,1
2/6/18,upper atmosphere winds currently 20  max allowable load holding   hour  allow winds  diminish,1000,3800,34000,0,0,0,0,0,1,0,0,1,1
2/6/18,flight profile,1700,25000,86000,0,0,0,0,0,0,0,0,0,0
2/6/18,launch autosequence initiated aka  holy mouseclick  345 liftoff,1700,10000,60000,0,1,0,0,0,0,0,0,0,2
10/11/17,beating stronger opponents  adapting   strategies via metalearning,53,473,2300,1,0,0,1,0,1,0,0,1,0
2/7/18,last pic  starman  roadster   journey  mars orbit    asteroid belt,4900,23000,106000,1,1,0,2,2,0,0,1,1,2
2/11/18,falcon heavy engine plumes look like giant laser beams   photo  rocketphotography,1600,6500,60000,0,0,0,1,0,0,0,1,0,1
2/11/18,now   can just figure    attach    really big shark,2100,6000,60000,0,0,0,0,0,0,0,0,1,0
2/11/18,love  rockets,1500,3300,38000,0,0,0,0,1,0,0,0,0,1
2/16/18, new toaster,1900,3500,41000,0,0,0,0,0,0,0,0,0,0
2/17/18, asimovs foundation series etched  glass   glovebox zeroth law,484,758,12000,0,0,0,0,0,0,0,2,0,1
2/18/18,"im sure  parked around  somewhere",2000,13000,67000,0,0,0,0,0,0,0,0,0,0
2/20/18,openai suppoers,129,665,4100,0,0,0,0,0,0,0,0,0,0
2/21/18,todays falcon launch carries 2 spacex test satellites  global broadband  successful starlink constellation will serve least served,1600,11000,74000,0,2,0,0,1,0,0,2,1,2
2/21/18,high altitude wind shear data shows  probable 2 load exceedance small  better   paranoid postponing launch  tomorrow assuming winds  better ,409,1300,17000,0,2,0,0,0,0,0,0,1,1
10/11/17,ais  develop faking tackling blocking kicking  selfplay,60,682,2400,1,1,0,0,0,0,0,0,0,1
2/21/18, anyone  curious  name  inspired   fault   stars,578,1700,24000,0,0,0,0,1,1,1,1,1,1
2/22/18,dont tell anyone   wifi password  maians,832,7800,52000,0,0,0,0,0,0,0,0,0,0
2/22/18,first two starlink demo satellites called tintin ab deployed  communicating  eah stations,1000,7700,42000,0,0,0,0,0,0,0,0,0,0
2/22/18,   dm right,782,2400,38000,0,0,0,0,0,0,0,0,0,0
2/22/18,missed    hundred meters  fairing landed intact  water   able catch   slightly bigger chutes  slow  descent,659,1500,21000,0,0,0,1,0,1,1,1,0,2
2/22/18,falcon fairing half  seen   catchers mitt  boat form mr steven  apparent damage,507,1400,13000,1,0,1,0,0,1,0,0,1,0
2/22/18,going  try  catch  giant fairing nosecone  falcon 9   falls back  space ,791,2700,21000,0,0,0,1,0,0,1,0,0,0
2/22/18,tintin ab will attempt  beam hello world   22 hours   pass near la,785,5100,44000,0,1,0,0,1,0,0,0,0,1
2/22/18,successful deployment  paz satellite  loweah orbit confirmed,414,4800,29000,0,1,0,0,1,0,0,2,0,2
2/22/18,made  back  space  fairing parafoil just deployed now trying  catch ,846,2700,36000,0,0,0,0,0,0,1,0,0,0
10/11/17,falcon 9  echostar 105ses11 went veical last night  pad 39a,184,1500,9300,0,0,0,0,0,0,0,0,0,1
2/23/18, tesla semi electric truck  save us tens  thousands  dollars  year says?dhl,313,2700,19000,0,0,0,0,2,0,1,2,0,2
2/23/18,spacexs recovered fairing spotted sailing  po  mr steven,243,1200,8600,0,0,0,0,0,0,0,0,0,0
2/27/18,motown eyeopener ,143,688,5300,0,0,0,0,0,0,0,0,0,0
2/27/18,chinas progress  advanced infrastructure    100 times faster   us,2000,11000,43000,0,1,0,0,1,0,0,0,0,2
2/27/18,   even worse    california,261,893,8500,0,0,0,1,0,1,0,0,1,0
2/27/18, new york,309,974,9300,0,0,0,0,0,0,0,0,0,0
2/27/18,higher safetyenvironmental requirementslabor costs explain   small pa   difference true root cause imo   exponential growth  bureaucracya selfserving private sector consultant industry earning aon project cost incenting   maximize cost,525,2100,17000,0,0,0,0,0,0,0,1,1,2
2/27/18,want  clarify   individuals  people responsible   high costslong timelines  almost  wellmeaning   system  incentives  messed ,660,1100,14000,0,0,0,0,0,0,0,2,0,2
3/3/18,deep   hole   boring machine sometimes   touch  honestys  much,1500,3100,39000,0,0,0,0,0,0,0,1,1,0
3/5/18,falcon 9 flight 50 launches tonight carrying hispasat  spain  6 metric tons  almost  size   city bus  will   largest geostationary satellite weve ever flown,1600,10000,71000,0,0,0,0,0,0,0,0,0,0
9/28/17,fly   places  eah   30 mins  anywhere   60 cost per seat  ,2700,15000,40000,0,0,0,0,0,0,0,0,0,0
10/11/17,stamping model 3 body panels realtime,730,1700,13000,0,0,0,0,0,0,0,0,0,1
3/5/18,falcon 9  hispasat 30w6  veical  space launch complex 40  cape canaveral air force station  florida weather  90 favorable   twohour launch window  opens  1233  est 533 utc,381,3100,18000,1,2,0,1,1,0,1,1,1,2
3/6/18, just realized    jazz hands emoji,3400,16000,150000,0,0,0,0,0,0,0,0,0,0
3/7/18,first production cargo trip   tesla semi heavy duty truck carrying battery packs  ,954,4600,35000,1,1,0,0,0,0,1,1,1,1
3/7/18,,1700,24000,174000,0,0,0,0,0,0,0,0,0,0
3/7/18,,1100,3300,47000,0,0,0,0,0,0,0,0,0,0
3/8/18,   women  spacex   helping  engineer  future  space exploration happy international womens day,544,9100,54000,0,1,0,0,1,0,0,1,0,1
3/8/18,   amazing?women ,169,1800,15000,0,0,0,0,0,0,0,0,0,0
3/8/18,,167,1500,7400,0,0,0,0,0,0,0,0,0,0
3/9/18,tunnels,4100,3500,22000,0,0,0,0,0,0,0,0,0,0
3/9/18,better video coming soon    look  bit like ,2900,32000,118000,0,1,0,0,0,0,0,0,0,0
10/11/17,just posted  photo,240,579,5400,0,0,0,0,0,0,0,0,0,0
3/9/18,will still transpo cars     personalized mass transit needs  met   matter  couesyfairness  someone cant afford  car   go first,773,5500,42000,0,0,0,0,0,0,0,0,0,1
3/9/18,will   sxsw satsun  jonahlisa  created westworld jonah made  incredible sho reel  falcon heavystarman releases tmrw aft,558,2200,26000,0,0,0,0,0,0,0,0,0,0
3/9/18,boring co urban loop system   1000s  small stations  size   single parking space  take   close   destinationblend seamlessly   fabric   city rather   small number  big stations like  subway,673,3700,33000,0,0,0,0,0,0,0,1,2,0
3/9/18,adjusting  boring company plan  tunnelshyperloop will prioritize pedestrianscyclists  cars,1800,13000,88000,0,1,0,0,0,0,0,0,1,0
3/10/18,  westworld set   bro,471,814,14000,0,0,0,0,0,0,0,0,0,0
3/10/18," falcon heavystarman

life  just   solving one sad problem  another  need   things  inspire   make  glad  wake    morning   pa  humanity          ",3300,31000,103000,0,2,0,1,3,1,0,2,1,3
3/11/18," brother jonah    going    cover   little buttercup   three amigos  will  terrible  will also   plethora  q  sometimes even 
elon musk answers  questions join us tomorrow    special qa  spacex  tesla ceo",1100,3100,35000,1,1,1,1,1,1,0,2,1,3
3/13/18,remembering stephen hawking  renowned physicist  ambassador  science  theories unlocked  universe  possibilities  wethe world  exploring may  keep flying like superman  microgravity   said  astronauts ,3000,150000,334000,0,0,0,1,1,0,0,3,0,4
3/14/18,thats  name   new intergalactic media empire exclamation point optional,1100,2200,32000,0,0,0,0,0,0,0,0,0,1
3/14/18,thud,2600,3800,47000,0,0,0,0,0,0,0,0,0,0
10/11/17,webcast  falcon 9 launch now live <U+2192>,118,884,3500,0,1,0,0,0,0,0,0,0,1
3/19/18,learning   pour flaming absinthe   tower  glasses   jerusalem speakeasy,807,1000,16000,0,0,0,0,0,0,0,0,0,2
3/19/18,paid respects  masada earlier today live free  die,653,1000,12000,0,0,0,1,0,1,0,1,1,1
3/21/18,petra  mars,473,732,9000,0,0,0,0,0,0,0,0,0,0
3/21/18,maybe    2 providers  chicago advanced transit monopolies   boring,655,2900,23000,0,0,0,0,0,0,0,0,1,1
3/22/18, swiss police  sma electricity vs dieselmaintenance   make   purchase price diff plus  bad guys will def  escape thats woh  lot,556,3100,24000,1,1,1,3,0,1,0,1,2,3
3/22/18,better     model x,279,1200,13000,0,0,0,0,0,0,0,0,0,1
3/22/18,model x pulls  95000 lb 15000  us road legal limit semi truck   pure snow surface,505,2500,19000,0,0,0,0,0,0,0,2,0,2
3/22/18, technology   advanced   boring company,1100,1500,19000,0,0,0,0,0,0,0,0,1,2
3/23/18, tesla solar roof  every bit  beautiful   hoped hoping,680,4900,31000,0,0,0,0,1,0,0,0,0,1
3/25/18,new boring company merch coming soon lifesize legolike interlocking bricks made  tunneling rock   can use  create sculpturesbuildings rated  california seismic loads  super strong  bored   middle like  aircraft wing spar   heavy,2000,8900,74000,0,1,0,0,1,0,0,0,1,2
10/14/17,bfr ama  rspace  2 hours,778,1900,14000,0,0,0,0,0,0,0,0,0,0
3/25/18,first kit set will  ancient egyptpyramids sphinx temple  horus etc,940,1900,28000,0,0,0,0,0,0,0,0,1,0
3/25/18,,1100,1700,31000,0,0,0,0,0,0,0,0,0,0
3/26/18,  mom every time  use irony  lose  friend,2000,9200,77000,1,1,1,1,1,1,1,1,1,1
3/26/18,  said id never   rock star,859,4200,41000,0,1,0,0,1,0,0,1,0,2
3/28/18,turns  joking    rock star   digging tunnels  uh rockhello  deeply underappreciated,2500,9300,107000,0,1,0,0,1,0,0,1,0,3
3/28/18,house pay   autonomous anarchosyndicalist communepeasant woman well howd ,489,521,8100,0,1,0,0,1,0,0,1,0,1
3/28/18,model 3  popular mechanics car   year,478,2600,15000,0,0,0,0,0,0,0,0,0,1
3/29/18,"confirmed 

credit ",197,2400,12000,0,0,0,0,0,0,0,2,0,2
3/30/18,best music video  ive seen   ,748,1300,11000,0,0,0,0,1,1,0,0,0,1
3/30/18,love seeing  scars   rocket,1200,6500,70000,1,0,0,0,1,0,0,0,0,1
10/15/17,yesterdays reddit ask  anything  bfr youre welcome nk,400,1400,8600,0,0,0,0,0,0,0,0,0,0
3/30/18,mr steven  5 mins away     falling fairing dont  live video,542,688,14000,0,0,0,0,0,1,0,0,1,0
3/30/18,attempting recovery  fairing falling   space right now   boat mr steven   giant steelwebbing catchers mitt superstructure   highspeed ocean ship godspeed mr s,798,2700,33000,0,1,0,1,0,1,0,0,1,1
3/30/18,~60 minutes  falcon 9 launch  iridium5 launch webcast will go live  15 minutes  liftoff <U+2192>,228,2100,12000,0,1,0,0,0,0,0,0,0,1
3/30/18,gps guided parafoil twisted  fairing impacted water  high speed air wake  fairing messing w parafoil steering  helo drop tests  next  weeks  solve,553,798,13000,0,0,0,0,0,0,0,0,0,0
4/1/18,impoant news    hours,4700,9100,87000,0,0,0,0,0,0,0,0,0,0
4/1/18,"tesla goes bankrupt
palo alto california april 1 2018despite intense effos  raise money including  lastditch mass sale  easter eggs   sad  repo  tesla  gone completely  totally bankrupt  bankrupt  cant believe ",4100,24000,130000,2,1,1,2,2,1,2,2,2,4
4/1/18,  many chapters  bankruptcy   critics  rightly pointed  tesla    including chapter 14   half  worst one,338,5100,48000,1,0,1,1,0,1,0,0,1,2
4/1/18,"elon  found passed    tesla model 3 surrounded  teslaquilla bottles  tracks  dried tears still visible   cheeks 

    forwardlooking statement  obviously whats  point

happy new month",3500,21000,119000,0,1,0,0,2,0,0,3,0,4
4/1/18,tomorrow ,194,2500,13000,0,1,0,0,0,0,0,0,0,0
4/1/18,tesla model s navigates one  viennas crappiest roads  autopilot,292,908,8100,0,0,0,0,0,0,0,0,0,1
10/16/17,amazing sim  neutron stars colliding,450,4200,17000,0,0,0,0,0,0,0,0,0,0
4/2/18,spacex just launched  experimental space junk sweeper  orbit,344,2400,12000,0,0,0,0,0,0,0,0,1,0
4/4/18, people dont know theres  whole box  easter eggs  every tesla just tap logo  center screenwait easy access    discovered ones  coming,1100,2400,31000,0,1,0,0,0,0,0,1,0,1
4/5/18,chris paine ai movie premiering tonight,461,2700,15000,0,0,0,0,0,0,0,0,0,0
4/5/18,nothing will affect  future  humanity   digital superintelligence watch chris paines new ai movie  free  sunday night ,2300,16000,52000,0,1,0,1,1,0,0,1,0,1
4/6/18,   creator     mastermary shelley,1600,7200,53000,0,0,0,0,0,0,0,0,0,0
4/6/18, memory  stephen hawking,278,1200,20000,0,0,0,0,0,0,0,0,0,0
4/7/18,upgraded spacextesla hyperloop pod speed test soon will try  reach half speed  sound  brake within ~12km,257,1200,14000,0,0,0,0,0,0,0,0,0,0
4/7/18,  kinda nutty    sho distance   easily end   shredded metal  exciting either way,414,804,14000,0,1,0,0,1,0,1,0,0,1
4/7/18,,743,2600,18000,0,0,0,0,0,0,0,0,0,0
4/8/18,"free viewing ends   5 hours
nothing will affect  future  humanity   digital superintelligence watch chris paines new ai movie  free  sunday night ",870,2800,18000,0,1,0,1,1,0,0,1,0,1
10/17/17, worlds  boring hat,1000,3400,23000,0,0,0,0,0,0,0,0,1,0
4/8/18,spacex main body tool   bfr interplanetary spaceship,1200,3100,21000,0,0,0,0,0,0,0,0,0,1
4/9/18,batteries cut costs  respond  major power problems quicker  coal gas  hydro generators,376,2900,19000,0,0,0,0,0,0,0,0,0,1
4/14/18,interview  tesla factory tour  gayle king,884,3000,23000,0,0,0,0,0,0,0,0,0,1
4/15/18,  gonna sound crazy ,2900,10000,80000,1,0,0,1,0,1,0,0,1,0
4/15/18,spacex will try  bring rocket upper stage back  orbital velocity using  giant pay balloon,2500,15000,105000,1,1,0,1,1,0,0,1,0,1
4/15/18,  land   bouncy house,2300,6800,73000,0,0,0,0,0,0,0,0,0,1
4/17/18,,417,230,3200,0,0,0,0,0,0,0,0,0,0
4/17/18,now,217,274,3500,0,0,0,0,0,0,0,0,0,0
4/17/18,,292,478,5300,0,0,0,0,0,0,0,0,0,0
4/17/18,,367,465,5100,0,0,0,0,0,0,0,0,0,0
10/18/17,building advanced ai    making  safe  like building  internet  later trying  make  secure,210,2000,5400,0,0,0,0,1,0,0,1,0,3
4/17/18,driving  model 3  playing,1100,1800,16000,0,0,0,0,0,0,0,0,0,1
4/18/18,"tesla batteries  currently livedelivering power  662 locations  pueo rico team  working 247  activate several hundred 
breaking   pueo rico  currently without power",2200,36000,163000,0,0,0,0,0,0,0,1,0,1
4/18/18, many worlds exist outside  solar system,482,4500,19000,0,0,0,0,0,0,0,1,0,0
4/18/18,webcast  falcon 9 launch  now live <U+2192>,257,1500,7600,0,1,0,0,0,0,0,0,0,1
4/18/18, systems  weather  go  falcon 9s launch ,399,3500,17000,0,1,0,0,0,0,0,0,0,1
4/22/18, night sky   tesla south australia powerpack project happy eah day,469,7200,44000,0,1,0,0,1,0,0,1,0,2
4/22/18,teslas fleet  driven 72 billion miles   energy products produced 103 billion?kwh,144,1200,8200,0,0,0,0,0,0,0,0,0,1
4/22/18, really love  tesla im   future thank  elon,1600,27000,237000,0,0,0,0,1,0,0,0,0,1
4/22/18,   funnest car ive ever driven,858,5400,65000,0,0,0,0,0,0,0,0,0,0
4/25/18,oh btw im building  cyborg dragon,17000,108000,467000,0,0,0,1,0,0,0,0,0,1
10/18/17,second boring machine almost ready will  called linestorm   poem  frost    love   rain,467,1700,11000,0,1,0,0,1,0,0,1,1,1
4/26/18,,662,5000,27000,0,0,0,0,0,0,0,0,0,0
4/30/18,  prehensile eyebrows,2100,3300,42000,0,0,0,0,0,0,0,0,0,0
5/1/18,falcon 9 fairing opens  parafoil  reentering  atmosphere,422,1800,18000,0,0,0,0,0,0,0,0,0,0
5/2/18,la la la,1600,6300,53000,0,0,0,0,0,0,0,0,0,0
5/2/18,woke frisbee,391,415,5700,0,0,0,0,0,0,0,0,0,0
5/3/18,"youre  welcome
 $tsla q1 2018 earningsconference call recap 
still  believe  got  represent retail investors   call thank   much    suppoed  thank  ",440,628,11000,0,0,0,0,0,0,0,0,0,0
5/4/18, 2 questioners  ignored   q1 call  sellside analysts  represent  sho seller thesis  investors,352,689,9600,0,0,0,0,0,0,0,0,0,0
5/4/18, reason  bernstein question  capex  boneheaded     already  answered   headline   q1 newsletter  received beforehand along  details   body   letter,230,654,11000,0,1,0,0,0,0,0,0,0,3
5/4/18,reason rbc question  model 3 demand  absurd   tesla  roughly half  million reservations despite  adveisingno cars  showrooms even  reaching 5kweek production   take 2 years just  satisfy existing demand even  new sales dropped  0,614,1800,18000,1,1,0,0,0,0,0,0,2,4
5/4/18,oh  uh sho burn   century comin soon flamethrowers  arrive just  time,1100,3200,45000,0,2,0,0,0,0,0,0,0,0
10/18/17,"  comes full circle
  cousins farm  canada  17 wearing  hat   hat",535,2900,30000,0,1,0,0,0,0,0,0,0,1
5/4/18,looks like sooner  expected  sheer magnitude  sho carnage will  unreal  youre sho  suggest tiptoeing quietly   exit,623,1100,12000,1,1,1,1,0,1,1,1,1,0
5/4/18,please ignore  thread unless youre interested   tedious discussion  tesla stock,1700,4100,39000,0,0,1,0,0,1,0,0,2,2
5/4/18,first  impoant  know  tesla    shoed meaning  bet  stock   markethas    ,431,998,11000,0,0,0,0,0,0,0,0,0,0
5/5/18,saying  like moats  just  nice way  saying  like oligopolies,696,1200,15000,0,0,0,0,0,0,0,0,0,0
5/5/18,im killin  lol,2400,24000,108000,0,0,0,0,0,0,0,0,0,0
5/5/18,warren buffett  huge  candy  actually true,640,1300,16000,0,0,0,0,0,0,0,0,0,0
5/5/18, im going  build  moatfill  w candy warren b will   able  resist investing berkshire hathaway kryptonite,1300,2900,35000,0,0,0,0,0,0,0,0,1,1
5/5/18,warren buffett  elon musk    pretty good moats around,367,674,6300,0,2,0,0,2,0,1,2,0,2
5/5/18,ok ok just  sake  argument   u wish   candy,11000,2300,40000,1,0,0,0,0,0,0,0,1,0
5/5/18, just occurred     plot  willy wonka  really messed ,2200,9300,94000,0,0,0,0,0,0,0,0,0,0
9/28/17,pa 2,443,2300,8400,0,0,0,0,0,0,0,0,0,0
10/18/17,almost 4000 hats sold  far whoever buys  5000th gets  free hat   hat,1200,1800,15000,0,0,0,0,0,0,0,0,0,0
5/5/18,  super super serious,3000,9000,98000,0,0,0,0,0,0,0,0,0,0
5/5/18,im staing  candy companyits going   amazing,11000,42000,255000,0,0,0,0,0,0,0,0,0,0
5/5/18,cryptocandy,2100,8300,57000,0,0,0,0,0,0,0,0,0,0
5/7/18,rococo basilisk,1300,1500,16000,0,0,0,0,0,0,0,0,0,0
5/7/18,,369,227,4400,0,0,0,0,0,0,0,0,0,0
5/7/18,,527,1900,16000,0,0,0,0,0,0,0,0,0,0
5/7/18,targeting falcon 9 block 5 launch  bangabandhu satellite1  may 10  pad 39a  florida,523,2200,16000,0,1,0,0,0,0,0,0,0,2
5/7/18, never  harder    parody account,234,3800,36000,0,0,0,0,0,0,0,1,0,0
5/8/18,50 million americans say  next vehicle will  electric,742,2900,17000,0,0,0,0,1,0,1,0,0,1
5/9/18,"night   museum g  mad skillzsz    much",848,1200,17000,1,0,1,1,0,1,0,0,1,0
10/19/17,now  6400 hats,1400,1000,16000,0,0,0,0,0,0,0,0,0,0
5/9/18,tesla quaerly allhands video love  shot  wild horsesgiga  winter,636,2200,14000,1,0,0,1,1,1,2,0,2,1
5/9/18,wild horses  winter  gigafactory 1,517,3600,29000,0,0,0,0,0,0,1,0,1,0
5/10/18,falcon 9 block 5  bangabandhu satellite1 went veical  pad 39a  florida  morning now targeting liftoff  442 pm edt 2042 utcvehicle  payload look good completing final check outs   pad,325,2600,13000,0,2,0,0,2,0,1,1,0,3
5/10/18,standing  today due   standard ground system auto abo  t1 min rocket  payload   good healthteams  working towards tomorrows backup launch oppounity  414 pm edt  2014 utc,340,1700,12000,1,2,0,0,1,0,1,3,0,4
5/10/18,first boring company tunnel  la almost done pending final,956,4000,31000,0,0,0,0,0,0,0,0,1,0
5/11/18,falcon 9 block 5 first stage  landed    course  still love  droneship,685,6800,44000,0,0,0,0,1,0,0,0,0,2
5/11/18,"look   relief  ",166,1100,10000,0,0,0,0,0,0,0,0,0,1
5/11/18,"launching  ~4 mins
webcast  falcon 9 launch  now live <U+2192>",536,1400,16000,0,1,0,0,0,0,0,0,0,1
5/11/18,successful deployment  bangabandhu satellite1  geostationary transfer orbit confirmed,481,3000,20000,0,1,0,0,1,0,0,2,0,2
5/11/18,teslas giant battery  australia reduced grid service cost ?90,154,1800,8500,1,0,0,1,0,0,0,0,1,0
10/19/17,congratulations  coulter tilton  missouri buyer  hat 5000   won  free hat signed   boring team,645,666,14000,0,0,0,0,0,0,0,1,1,0
5/12/18,"good piece  ars
 folks keep asking  wait    latest",279,1000,11000,0,2,0,0,1,0,1,1,1,1
5/13/18, photos   first flight  falcon 9 block 5 <U+2192>,327,4600,28000,0,0,0,0,0,0,0,0,0,0
5/13/18,"lovely story
83yearold drives crosscountry   tesla model 3  fulfill lifelong dream",486,4000,58000,0,1,0,0,2,1,1,1,0,3
5/14/18, super messed    tesla crash resulting   broken ankle  front page news   ~40000 people  died  us auto accidents alone  past year get almost  coverage,4400,25000,115000,1,0,0,2,0,2,1,0,2,0
5/14/18,whats actually amazing   accident    model s hit  fire truck  60mph   driver  broke  ankle  impact   speed usually results  severe injury  death,1700,11000,86000,3,1,1,5,0,4,2,1,5,1
5/14/18,140 tesla powerpacks now live  belgium  balancing  european electrical grid 100 times faster  fossil fuel plants,392,5000,26000,0,0,0,0,0,0,0,0,0,0
5/15/18,tesla model x breaks electric towing record  pulling  qantas boeing 7879?dreamliner,365,3000,16000,0,0,0,0,1,0,1,0,0,2
5/16/18,"boring company hyperloop will take   city center  groundocean  spacepo  10  15 mins
 love working ",529,2500,24000,0,0,0,0,1,0,0,1,1,3
5/16/18,will  presentingtaking questionsabout  boring company plans  los angeles  7pm  thursday,955,1400,22000,0,0,0,0,0,0,0,0,1,0
5/16/18,listening  realiti,1100,5000,33000,0,0,0,0,0,0,0,0,0,0
10/19/17,simulation theory confirmed,730,15000,89000,0,1,0,0,0,0,0,2,0,1
5/17/18,lol,822,1100,12000,0,0,0,0,0,0,0,0,0,0
5/17/18,excited  statement  metro,325,1500,16000,0,1,0,0,1,0,1,2,0,2
5/17/18,"skip forward  see   boring presentation ever
now livestreaming  community info session  la",363,1100,13000,0,0,0,0,0,0,0,0,2,2
5/18/18,  boring company  right behind   115th  speedsoon will  110th sta sweating,504,726,18000,0,0,0,0,0,0,0,0,1,0
5/18/18,"commercial crew astronaut suni williams wearing  

 nasa april 3 2018",220,2100,15000,0,0,0,0,0,0,0,1,0,1
5/18/18, name  garyhes  snail,598,3000,24000,0,0,0,0,0,0,0,0,0,0
5/18/18,NA,1700,7500,48000,0,0,0,0,0,0,0,0,0,0
5/18/18, taunts us   speed,328,2000,22000,0,0,0,0,0,0,0,0,0,0
5/19/18,working  model 3 dual motor allwheel driveperformance versions driving feel  amazing aiming  release config late tonight,1400,3900,44000,0,0,0,0,0,1,0,0,1,2
5/19/18,will soon enable tesla owners  request service   phone    taps tesla ranger will come    take care   car  need  bring  car  yourselfzero paperwork,1300,5100,60000,0,0,0,0,0,0,0,2,0,1
10/23/17,  list  people   absolutely   allowed  develop digital superintelligence,1800,6600,23000,0,1,0,0,0,0,0,0,0,1
5/19/18,"tesla dual motor allwheel drive performance model 3
35 sec060mph 
155 mph top speed
310 mile range",1200,5000,42000,0,1,0,0,0,0,0,1,0,2
5/19/18,cost   options wheels paint etcis included apa  autopilot cost  $78k    bmw m3  15 quickerwith better handling will beat anything   class   track,1100,2600,26000,0,1,0,0,0,0,0,0,0,1
5/19/18,tesla awd  dual motor   can fully drive  car even  one breaks,371,1200,16000,0,0,0,0,0,0,0,1,0,1
5/19/18,cost  normal dual motor awd option  $5k range  also 310 miles takes 060mph  45 sectop speed  140 mph,461,1100,15000,0,0,0,0,0,0,0,0,0,1
5/19/18,tesla dual motor means    motor  fronta motor  rear one  optimized  powerone  range car drives fine even   motor breaks  helps ensure  make    destinationdont get stuck  side  road  potentially unsafe conditions,1200,4400,47000,0,0,0,1,0,0,0,0,2,0
5/20/18,model x   first   suv  achieve  nhtsa 5star safety rating  every category  subcategory   lowest probability  rollover  overall injury   suv,954,12000,63000,2,2,0,2,2,3,0,2,3,3
5/20/18,spacex crew dragon ship  anechoic chamber  emi testing   sent ,616,3600,29000,0,1,0,1,0,0,0,1,0,0
5/21/18,just wanted  say thanks   tesla suppoers  damn well love ,4800,9800,149000,1,0,1,0,1,0,0,0,1,1
5/21/18, day tomorrow ,101,474,4300,0,1,0,0,0,0,0,0,0,0
5/22/18,icymi heres another 5 minutes ,69,319,2500,0,0,0,0,0,0,0,0,0,0
10/24/17,hospital del ni?o  first  many solar+storage projects going live grateful  suppo  recovery  pueo rico ,1300,15000,43000,0,0,0,1,0,1,0,1,0,2
5/22/18, photos  todays falcon 9 launch <U+2192>,318,4800,28000,0,1,0,0,0,0,0,0,0,1
5/22/18,two sposcarsized satellites  orbit  measure eahs water,91,546,4100,0,0,0,0,0,0,0,1,0,0
5/22/18,tesla model 3 sales beat bmw 3series  mercedes cclass  first quaer  california says?repo,180,1200,8600,0,0,0,0,0,0,0,1,0,1
5/22/18,today  solar roof generated 68 kwh  house consumption  258 kwh giving us  surplus  42 kwh  energy thats enough  charge ,337,3700,23000,0,0,0,0,0,0,0,0,0,1
5/22/18, going  include  fun games  hidden easter eggs  tesla s x3    think    fun   car using  center touch screen,15000,2800,43000,0,1,0,0,1,0,0,1,1,3
5/23/18,  reason    best ive felt    hope youre feeling good ,3900,17000,149000,1,3,1,1,3,1,3,3,1,4
5/23/18,maybe  media credibility rating site   called youre righti  actually ,1400,1700,21000,1,0,0,1,0,1,0,1,1,1
5/23/18, youre  mediadont want pravda  exist write  aicle telling  readers  vote  ,1400,2300,27000,1,1,0,0,1,1,1,1,1,1
5/23/18," holierthanthou hypocrisy  big media companies  lay claim   truth  publish  enough  sugarcoat  lie    public  longer respects 
tesla tsla  rally  media negativity  increasingly immaterial says?baird",2100,13000,52000,1,1,1,0,0,1,0,2,2,3
5/23/18,  needs   botproof  seekunmask anyone operating  disinformation bot army,605,1100,16000,1,0,0,1,0,0,0,0,1,0
10/25/17,"just feed   godfather movies  input whats  worst   happen
 
",1000,5000,20000,0,1,0,0,0,0,0,0,0,0
5/23/18,even     public doesnt care   credibility score  journalists editorspublications will     define ,1600,4700,49000,0,2,0,0,1,0,1,1,0,3
5/23/18,going  create  site   public can rate  core truth   aicletrack  credibility score  time   journalist editorpublication thinking  calling  pravda,17000,51000,247000,0,3,0,0,2,0,1,2,0,7
5/23/18,problem  journos   constant pressure  get max clicksearn adveising dollars  get fired tricky situation  tesla doesnt adveise  fossil fuel companiesgasdiesel car companies  among worlds biggest adveisers,1900,6500,45000,0,0,0,1,0,1,0,1,2,1
5/23/18,thought youd say  anytime anyone criticizes  media  media shrieks youre just like trump    think  got elected   first place   ones believes     lost  credibility  long time ago,2500,20000,75000,0,3,0,0,0,1,1,1,1,1
5/23/18,create  media credibility rating site  also flags propaganda botnets,4700,14000,41000,1,0,0,1,1,1,0,1,2,2
5/24/18,come  media  can   get  people  vote     literally  media,801,2300,32000,1,1,0,0,1,1,1,1,1,1
5/24/18," point exactly
 never said  didnt quite  contrary  point    free society needs  free  credible press  responsibility   fouh estate can never  fulfilled   press   people  lost confidence ",346,983,12000,0,0,0,1,1,1,0,2,2,2
5/24/18,amazingly  media  awesome vote  declining despite hundreds  aicles attacking   poll,1400,2400,32000,2,1,1,1,2,2,3,2,3,2
5/25/18,global map  tesla superchargers including  coming soon,2600,2900,24000,0,1,0,0,0,0,0,0,0,1
5/25/18,,225,648,12000,0,0,0,0,0,0,0,0,0,0
10/26/17,"whiskey fire smores  jc

also hotdog   hotdog",932,1100,12000,0,0,0,1,0,0,0,0,0,0
5/25/18,problem solved  able  buy,2600,4400,38000,0,0,0,1,0,1,0,0,1,0
5/25/18,tried  buy,1700,1600,13000,0,0,0,0,0,0,0,0,0,0
5/25/18,thank ,316,929,16000,0,0,0,0,0,0,0,0,0,0
5/25/18,turns ,603,886,8700,0,0,0,0,0,0,0,0,0,0
5/26/18,"well said nyt journo  outraged  dumb public wd dare critique   attacking    sensitive  criticism uhh
  news channels  aicles   true    need  fear something  rates  credibility lmao ironically   saying  cant handle criticism  burning  elon making  joke",506,1400,12000,3,2,1,2,0,2,1,2,5,3
5/26/18,"yeah thats exactly right   suggesting public critique   stunned  see  level  contempt many  media    readers   way worse   thought
 perhaps didnt fully clarify  respect  good journaliststhey fill  vital role im just fed         crap ones   thinkall",801,2400,17000,1,4,2,3,2,1,2,5,4,8
5/26/18,nanotech   2008 picotech  1000 times better,1300,5500,45000,0,0,0,0,0,0,0,0,0,0
5/26/18, femtotech   future,688,1000,13000,0,0,0,0,0,0,0,0,0,0
5/26/18,sometimeswhen   hu feelings  play  song,1000,1800,16000,0,0,0,0,0,0,0,0,0,0
5/26/18,"wow amazing tesla hypermile drive happening
current",235,790,10000,0,0,0,0,0,0,0,0,0,0
10/26/17,campfire   gigafactory roof,534,709,9000,0,0,0,0,0,0,0,0,0,0
5/26/18,,701,811,9300,0,0,0,0,0,0,0,0,0,0
5/26/18, agree ,1600,18000,123000,0,0,0,0,0,0,0,0,0,1
5/26/18,cant believe someone leaked  schematic   tesla production system,1000,4300,47000,0,1,0,0,0,0,0,1,0,1
5/28/18,"thank    lovely letter
oh hai elon  finally jumped  one  mine  johnnas threads check   open letter  ",228,591,9900,0,3,1,0,2,1,2,2,0,2
5/29/18," journalist   attacking   months incl using genitalia language   now says  sexist   hypocrite
woh noting   journalist harassed  musk bros  previously made jokes  elon musks genitalia  twitter good grief  place",354,931,8300,1,1,2,1,1,2,2,1,3,2
5/29/18,   big,390,2200,23000,0,0,0,0,0,0,0,0,0,0
5/29/18, risk  stating  extremely obvious    threats  violenceabusive epithets   forum please   use    name   ,1500,4500,61000,0,1,0,1,0,0,0,1,1,1
5/29/18,youve done something incredibly dishonest  suppoing  journo  falsely stated  im  science  cherrypicked tweets  dont represent  vast majority   followers  make false claims   ,326,1300,12000,1,0,1,0,1,1,0,1,2,1
5/30/18,consumer repos tested ,103,562,4000,0,0,0,0,0,0,0,0,0,0
5/30/18,"hell   week
 bad press  elon  car elon musk launched  orbit  fallen back   eah  crushed malala yousafzai",1800,27000,165000,3,0,3,3,0,3,0,0,3,0
10/26/17,btw just want  express  word  appreciation   hard work   tesla gigafactory team reason  camped   roof     less time  driving   hotel room  reno production hell ~8th circle,1300,3500,42000,1,2,1,1,1,1,0,3,1,4
5/30/18," items  will go   model 3s within next  months  v82 software  repo  bug  ask   feature press voice button say bug repo followed  issue description
sounds good even though    early 3the build quality  great

can  expect    features   future",400,630,7200,0,2,1,1,1,0,2,2,1,5
5/30/18,lots  model 3 deliveries today  toronto   tomorrow vancouver next ,268,869,9000,0,1,0,0,0,0,0,0,0,1
5/30/18,really appreciate  high quality critical feedback  tesla model 3 gets consumer repos recommendation  auto maker updated brakes  wireless software change,344,991,11000,1,1,0,1,0,0,1,0,0,2
5/30/18,"like  guys 
lyft + tesla   iconic couple ",187,700,15000,0,0,0,0,0,0,0,0,0,0
5/30/18,tesla model 3 owner says vehicle performed miraculously  highspeed rearend crash  occupants ?safe,208,1400,12000,0,0,0,1,1,1,1,1,1,2
5/30/18,brakingui upgrades apply   model 3s improved windshield  aero noisesuspension  ride comfo  major ops unless youre really bothered   dont replace best way  improve ride  drop tire pressure  ~39 psi 45 psi  best range  lower comfo,107,154,2900,0,1,0,0,1,1,0,1,2,4
5/31/18,unboxing  new tesla model 3,101,350,4400,0,0,0,0,0,0,0,0,0,1
5/31/18,"filters bacteria viruses spores pollenpaiculate  almost  kind
model sx also   acid gas filter  alkaline gas filtera carbon monoxide detector  autoswitches car  recirc mode   prob tell people    filters  giant   big  fit  model 3",675,1800,18000,0,0,1,2,1,1,0,1,2,2
5/31/18, opening  doors  social media users  come behindthescenes   next,234,1600,9200,0,0,0,0,0,0,0,0,0,0
5/31/18, 25+ years  worked withknew  real editorial sharks  none  prepared  blur  aded line,234,456,5500,0,1,0,0,0,0,0,2,1,2
9/28/17,bfr  capable  transpoing satellites  orbit crew  cargo  ,568,7400,21000,0,0,0,0,0,0,0,1,0,0
10/28/17,picture   boring company la tunnel taken yesterday,2400,8600,60000,0,0,0,0,0,0,0,0,1,0
5/31/18,best analysis  model 3  date german,524,1100,10000,0,0,0,0,0,0,0,0,0,1
5/31/18,"finders keepers 
im keeping  car btw",436,4200,48000,0,0,0,0,0,0,0,0,0,0
5/31/18,cool tesla sx  hospital operating room air quality  bwd mode  activated  shd protect  even  weaponized virus,716,6700,49000,0,0,0,1,0,1,0,1,1,2
6/1/18," details   tesla air filtration system
theres  info ",294,647,7900,0,0,0,0,0,0,0,1,0,0
6/1/18,"glad youre ok
theres lots  bad news  teslas w autopilot crashing 
just  show   side 
  fell asleep driving home late  night   highway w autopilot   got woken    beeping + turning  music  wake  ",396,3100,48000,1,1,1,1,2,4,0,1,3,2
6/2/18,mason jars   handle  wine stem cause   lose faith  humanity,2300,6200,53000,1,1,1,1,2,1,1,2,1,2
6/2/18, 8 years weve gone ?building?500 vehicles per year  california? 100k+  growing,414,2200,18000,0,0,0,0,0,0,0,0,0,1
6/3/18,falcon 9  ses12 went veical  morning  pad 40  florida weather  70 favorable   fourhour launch window  opens  june 4  1229  edt  429 utc,207,1600,11000,0,2,0,0,1,0,1,1,0,3
6/3/18,successful deployment  ses12   geostationary transfer orbit confirmed,280,1700,18000,0,1,0,0,1,0,0,2,0,2
6/4/18, def    illusion   will end illiteracy   hope  helps  least  little,854,2900,25000,0,1,0,0,1,0,2,1,1,1
10/30/17,falcon 9  koreasat5a went veical last night  pad 39a todays launch window opens  334 pm edt <U+2192>,496,1700,9600,0,1,0,0,0,0,0,0,0,2
6/5/18,  now installed  1 gigawatthour  energy storage across  globe,262,1700,11000,0,0,0,0,0,0,0,0,0,0
6/5/18,watch  tesla shareholders meeting live  230pm pt,155,441,3600,0,1,0,1,0,0,0,0,0,0
6/5/18,model 3  now  bestselling midsized premium sedan   usa,805,6000,32000,0,0,0,0,0,0,0,0,0,1
6/5/18,hey,192,1100,20000,0,0,0,0,0,0,0,0,0,0
6/6/18,,307,2300,16000,0,0,0,0,0,0,0,0,0,0
6/7/18,running track ,1300,7800,54000,0,1,0,0,0,0,0,0,0,0
6/7/18,"tip   day 
 7 step facial treatment every morning  mistake people make  stopping  6",474,1100,15000,0,0,0,0,0,1,0,0,1,0
6/7/18,switching 1 million cars  diesel  electric  save  ?360 $483 million per year  health costs   uk,433,3400,15000,0,0,0,0,2,0,1,1,0,2
6/7/18,  definitely going    pod bay door override button lesson learned,709,2300,34000,0,1,0,0,0,0,0,1,0,1
6/9/18,nothing makes  baby  zen    gentle puffs   tbc flamethrower,584,2400,24000,0,0,0,0,1,0,0,0,0,1
11/8/17,atat?rk anitkabir,2100,29000,115000,0,0,0,0,0,0,0,0,0,0
6/9/18,   im  impressed  repoers   literally  junior high     newsrooms  round  world say     knew  newsrooms really worked  id know everythings fineno need   media credibility rating system like pravduh,726,2400,26000,1,0,0,1,0,1,0,2,1,1
6/9/18,zip2 also built  newspaper publishing platform  brought hundreds  regionalcity papers online   first time  made major functionality advancements   ny times boston globeknightridder websites nyt krhearst   major investors  zip2,142,809,13000,0,1,0,0,0,0,0,0,1,1
6/9/18, zip2  wrote entire v1  software  drawing vector mapscalculating point  point directions anywhere  us first ever company     well  white pagesbusiness listings w reviews  early yelp also wrote v1  classifieds autotradingreal estate apps,322,1300,17000,1,1,0,1,1,0,1,1,2,1
6/9/18, background  arrived  noh america  17 w $2000  backpacka suitcase full  books paid   way thru college dropped   stanford engphys grad school w $110k  college debt created internet staup w brogreg khouri love broloved greg may  rip,602,4400,32000,0,0,0,0,1,1,0,1,1,2
6/9/18,19 years ago   1st company got bought    decide  buying  house  palo alto   mclaren f1 best car ever imo   contest  bought f1a small condo   much cheaper   car new tesla roadster will exceed  gas spos cars  every way,587,3200,27000,0,1,0,0,2,0,0,1,1,2
6/9/18,first 1000 boring company flamethrowers  picked  today,2000,9200,73000,0,0,0,0,0,0,0,0,1,0
6/9/18,teslas 10000th supercharger  now open  belleville ontario,361,2300,19000,0,0,0,0,0,0,0,0,0,0
6/9/18,"termsconditions  notaflamethrower

please use  directed  avoid unintentionally burning things   simpleconcise instructions  drew upon wisdom  great dr seuss book green eggs  ham ",833,9800,49000,0,1,0,1,1,0,1,3,2,2
6/9/18,almost forgot due  recent regulatorycustoms rules enacted  inhibit transpo  anything called  flamethrower   renamed  product   flamethrower,1400,15000,110000,1,0,1,0,0,1,0,0,1,0
6/9/18,flamethrower obv best way  light  fireplacebbq   need  use  dainty match  ignite   wood just drop  flamethrower  fire place  will generate way  warmth   quaint pile  logs,596,2800,26000,0,0,0,1,1,0,0,1,0,1
11/9/17," placed  flowers

three broken ribs
 pierced lung
 still  fought
 peace ",752,8700,57000,1,1,0,1,1,1,0,1,1,1
6/9/18,spacex option package  new tesla roadster will include ~10 small rocket thrusters arranged seamlessly around car  rocket engines dramatically improve acceleration top speed brakingcornering maybe  will even allow  tesla  fly,2300,9500,65000,1,2,0,0,2,0,0,3,1,5
6/12/18,difficult  necessary tesla reorg underway  email   company  already leaked  media    unfiltered,2000,11000,72000,0,0,0,1,0,0,0,0,0,0
6/12/18,solar surpasses gas  wind   biggest source  new power   us,177,3100,12000,0,0,0,0,0,0,0,0,0,0
6/13/18," really excited  work   mayor   city  bring  new highspeed public transpoation system  chicago
chicago  selected elon musks boring company  build highspeed transit tunnels   loop  ohare",503,4400,23000,0,2,0,0,1,0,1,2,1,4
6/14/18,green lights  malibu,596,3900,27000,0,0,0,0,1,0,0,1,0,1
6/15/18,lake show,123,896,5600,0,0,0,0,0,0,0,1,0,0
6/15/18,heading back   factory  thats enough  now dont take  tweet  seriously  one thing  called  tweet,847,1700,27000,0,0,0,0,0,0,0,0,0,0
6/15/18,  considerable confusion  wealth  consumptionwealth  labor allocation  latter measure anyone  govt whose budget exceeds $1b   billionaire government   largest corporation,499,1600,11000,1,1,0,2,2,0,1,5,2,4
6/15/18,socialism vs capitalism   even  right question  really matters  avoiding monopolies  restrict peoples freedom,3400,25000,114000,0,0,1,2,1,1,0,1,1,2
6/15/18, prob aiculate philosophy underlying  actions  pretty simplemostly influenced  douglas adamsisaac asimov,1300,2500,29000,0,1,0,0,1,0,0,1,0,1
11/9/17," one day  words   science choose science
mustafa kemal atat?rk",3200,90000,207000,1,0,0,0,0,0,0,0,1,0
6/15/18," pay   options   matter  stock goes upi sell will use   make life multiplanetary help educationenvironment  eah w  foundation just dont want us   sad   future
ceotoworker pay ratio

att 366x
ibm 341x",1500,14000,82000,0,1,0,0,1,0,0,1,0,2
6/15/18,  proclaim  socialists  usually depressing   sense  humorattended  expensive college fate loves irony,6100,45000,179000,0,1,1,0,0,1,0,0,2,1
6/16/18," sense  humor  ceainly proving  true good grief
 many socialists   take  screw   lightbulb 
answer thats  funny",1300,6500,54000,0,1,0,0,1,1,1,1,1,2
6/16/18,  way   actually  socialist just   kind  shifts resources   productive  least productive pretending   good  actually causing harm true socialism seeks greatest good  ,4000,6100,46000,2,1,2,3,3,1,1,3,3,4
6/16/18,amazing work  tesla team built entire new general assembly line  3 weeks w minimal resources love u guys  much pic  1st model 3 dual motor performance coming   line,1600,4800,50000,0,1,0,0,2,0,0,4,0,5
6/16/18,  must know    utopian anarchist   kind best described  iain banks,2200,3400,35000,1,1,0,1,2,0,0,2,1,2
6/16/18," enemy   enemy  
  kind  amazing  elon musk wakes   billions  dollars  space colonisation company  creative genius girlfriend  still decides  ruin  mornings exactly   way  doarguing  idiots  social media",1000,9400,74000,1,0,1,2,1,1,0,1,2,3
6/16/18, semierotics  evil,745,1700,11000,1,0,1,1,0,1,0,0,1,0
6/17/18,search uaw  corruption  long reading list great organization,488,869,6300,0,2,1,0,1,0,1,1,1,2
6/17/18,autosemiotic asphyxiation sorry couldnt resist,275,245,5100,0,0,0,0,0,0,0,0,1,0
11/11/17,sunset   gigafactory,1000,3200,46000,0,1,0,0,0,0,0,0,0,1
6/17/18,well said,1900,5900,34000,0,0,0,0,0,0,0,0,0,0
6/18/18,needed another general assembly line  reach 5kweek model 3 production  new building  impossible   built  giant tent  2 weeks tesla team kfa gah love   much,449,742,13000,0,1,0,1,1,1,0,3,1,6
6/18/18,shelter,452,640,8200,0,0,0,0,0,0,0,1,0,1
6/18/18, hope  kids  ok,1100,860,11000,0,1,0,0,1,0,1,1,0,1
6/19/18,"thank   helping   need
thank    one   biggest suppoers   aclu really appreciate  backing us   years",347,1400,21000,0,0,0,0,0,0,0,0,0,0
6/19/18,"cool video
  amazing  sfx  really really good ive    spacex factory twice   seen  landing leg   main floor   booster outside theyre way bigger  youd think",197,585,7400,0,1,0,0,1,0,1,1,0,3
6/20/18,frank herbefalcon heavy,286,338,8500,0,0,0,0,0,0,0,1,0,1
6/20/18,"dune  spice must flow
   blue duneon  floor   lyot crater  mars lies  field  dunes one paicular dune seen   january view appears turquoise blue  enhanced coloris made   different composition   surroundi",794,3600,33000,0,0,0,0,0,1,0,0,0,2
6/20/18,without change something sleeps inside us  seldom awakens  sleeper must awaken fh,1300,6400,43000,0,0,0,1,0,0,0,0,0,0
6/20/18,tesla semi driving  santa rosa,682,5200,35000,0,0,0,0,0,0,0,0,0,0
11/12/17,tesla semi truck unveil   webcast live  thursday  8pm  will blow  mind clear    skull    alternate dimension just need  find  poal gun,2900,27000,120000,1,0,0,1,0,0,0,1,1,0
6/20/18,crew dragon  ,331,2800,17000,0,0,0,1,0,0,0,1,0,0
6/20/18,,407,730,13000,0,0,0,0,0,0,0,0,0,0
6/21/18,,296,2200,18000,0,0,0,0,0,0,0,0,0,0
6/22/18,  600 students   40 countries will demonstrate  pod designs   nextgeneration highspeed transpoation system,133,1500,10000,0,0,0,0,0,0,0,1,0,0
6/22/18,,84,452,3700,0,0,0,0,0,0,0,0,0,0
6/22/18,   purpose sentient seats,2400,4500,60000,0,0,0,0,0,0,0,0,0,0
6/22/18,,316,818,8800,0,0,0,0,0,0,0,0,0,0
6/23/18,,932,1000,19000,0,0,0,0,0,0,0,0,0,0
6/23/18,"srsly
 latest episode  crazygenius    latest theories  predictions  fermis paradoxaka  alien intelligence exist     havent  found ",388,401,5900,0,0,1,2,2,0,0,2,1,2
6/23/18,looks  sus   paint cars red,1400,8500,83000,0,0,0,0,0,0,0,0,0,0
11/14/17,hotbed  misinformation,316,1800,10000,0,0,0,0,0,0,0,0,0,0
6/23/18,tesla factory rn,528,1300,19000,0,0,0,0,0,0,0,0,0,0
6/23/18,,223,349,5700,0,0,0,0,0,0,0,0,0,0
6/23/18,vicious torque,262,285,8100,1,0,1,0,0,0,0,0,1,0
6/23/18,,263,906,11000,0,0,0,0,0,0,0,0,0,0
6/24/18, doesnt take  account shifting trillions  tons  carbon  subsurface  atmosphere   accelerate overheating time   factor   million      tesla,251,454,6300,0,2,0,0,0,0,0,1,0,0
6/24/18,   close call eah  ~45b years oldsun will expand  heat eah beyond livable temp  ~05b years   advent  civilization took 10 longer  wouldnt  happened  ,359,1100,11000,0,1,0,0,1,0,0,2,0,2
6/24/18,    must preserve  light  consciousness  becoming  spacefaring civilizationextending life   planets,1800,7900,44000,0,0,0,0,0,0,0,0,0,2
6/24/18, real,375,1800,20000,0,0,0,0,0,0,0,1,0,1
6/24/18,  unknown whether     civilization currently alive   observable universe   chance     added impetus  extending life beyond eah,971,2600,24000,0,2,0,1,1,0,1,2,1,2
6/24/18,"tesla semi truck  mad max mode
wowlove  press photos   new tesla truck",715,6300,50000,1,0,1,1,0,1,0,1,1,0
11/14/17,mit researchers rebut misleading,327,4000,12000,1,0,1,0,0,0,0,0,2,0
6/25/18,tesla model 3 beats runnerup porsche boxster  win time attack race event,146,737,6100,1,1,0,1,0,0,0,0,1,1
6/25/18,tesla team celebrates pride month,591,2900,27000,0,0,0,0,1,0,0,1,0,1
6/26/18, naval air facility el centro  southern california spacex recently completed  16th test  crew dragons parachute systemverifying  systems ability  slow crew dragon  ensure  safe landing   unlikely event   low altitude abo,415,3700,22000,0,0,0,2,1,0,0,2,0,2
6/26/18,"youre welcome
  crazy   good way since  placed  order  following things  happened
biggerbetter spo brakes added
red brake calipers added",297,473,11000,1,1,0,1,1,1,1,1,1,1
6/26/18,pickup truck will  power outlets allowing use  heavy duty 240v high power tools  field  day  generator needed,2400,2500,32000,0,0,0,0,0,0,0,1,0,0
6/26/18, tesla truck will  dual motor allwheel drive w crazy torquea suspension  dynamically adjusts  load  will  standard,2000,2700,33000,1,0,0,2,0,1,0,1,2,0
6/26/18,   love  see   tesla pickup truck     things  mind     think  small  impoant nuanceswhat   seriously next level,27000,5100,54000,0,0,0,0,1,0,0,2,1,2
6/26/18, sure   us govt crash safety testing  model s roof   strong  broke  testing machine,263,1700,12000,0,0,0,2,0,2,1,1,2,1
6/28/18,appreciate   good wishes first bday ive spent   factory   somehow  best,3500,2900,62000,0,1,0,0,1,0,1,1,1,1
6/28/18,paint shop,404,253,4900,0,0,0,0,0,0,0,0,0,0
11/15/17, can transform   robot fight aliens  make one hell   latte,2200,15000,76000,2,0,1,2,0,1,0,0,2,0
6/28/18,falcon 9  dragon went veical tonight ahead  tomorrows resupply mission  ,229,1500,12000,0,0,0,1,0,0,0,0,0,1
6/29/18,  least  closest thing  magic  exists   real world,1300,4000,42000,0,0,0,0,0,0,0,1,0,1
6/29/18,excession,270,574,7000,0,0,0,0,0,0,0,0,0,0
6/29/18,space laser,382,571,6500,0,0,0,0,0,0,0,1,0,1
6/29/18, likes sho shos,1200,650,9000,0,0,0,0,0,0,0,0,0,0
6/29/18,wow   beautiful thanks,133,2700,20000,0,0,0,0,1,0,0,0,0,1
6/29/18,spacebow,188,544,5400,0,0,0,0,0,0,0,0,0,0
6/29/18,open  knaack hal,461,282,6500,0,0,0,0,0,0,0,0,0,0
6/29/18,engineering  magic,3100,32000,138000,0,0,0,0,0,0,0,0,0,0
6/29/18,dragon    way   international space station capture ,147,1100,11000,0,0,0,1,0,0,0,0,1,0
10/2/17,gm just announced    working toward  allelectric zeroemissions future,408,2100,7000,0,0,0,0,0,0,0,0,0,1
11/15/17,sorry date  tomorrow night  8pm  pic    old invite,762,873,15000,0,2,0,0,1,0,1,1,0,1
6/29/18,im glad  got  oppounity  see  dragons tail  person,80,674,7600,0,1,0,0,1,0,0,0,0,1
6/29/18, spice must flow,1700,4200,53000,0,0,0,0,0,0,0,0,0,2
7/1/18,"7000 cars 7 days
 tesla team",5200,14000,151000,0,0,0,0,0,0,0,1,0,0
7/3/18," spice flows
fremont outbound logistics lot week  june 24th",869,1800,22000,0,0,0,0,0,0,0,0,0,1
7/3/18,"whoop whoop
juggalos figured    beat facial recognition",578,3100,20000,0,0,0,0,0,0,0,0,0,0
7/4/18,tesla powerwalls save  day  heat wave ?vermont,94,959,6600,0,0,0,0,1,0,0,1,0,1
7/4/18,business insider resos  fud  tesla streamlines model 3 general assembly lines ,81,480,3800,0,0,0,1,0,0,0,2,0,3
7/5/18,"note  one    car  controlling remotely car  driving entirely  
summon now available  model 3",833,2500,25000,0,0,0,0,0,0,0,0,0,1
7/5/18, sinister cellar   tsla sho?story,106,610,5200,1,0,1,1,0,0,0,0,1,0
7/5/18,maybe woh trying inse  1m diameter nylon tube  shoer set  tubes   difficult sections  cave networkinflate  air like  bouncy castle  create  air tunnel underwater  cave roofautoconform  odd shapes like  70cm hole,1400,4500,22000,0,0,0,1,1,0,0,0,0,1
11/16/17,0  100 kmh  19 sec,9900,118000,459000,0,0,0,0,0,0,0,0,0,0
7/6/18,filled    5900 pounds ,396,5300,27000,0,0,0,0,0,0,0,0,0,0
7/7/18,continue   amazed   bravery resiliencetenacity  kidsdiving team  thailand human character   best,1100,12000,84000,0,1,0,0,0,0,0,2,0,2
7/7/18,"extremely talented dive team makes sense given monsoon godspeed
 complex mission  rescue  12 trapped boys   football coach   cave  thailand  begun 

follow  live page   updates",932,7300,52000,0,3,0,0,2,1,1,3,1,3
7/7/18, good feedback  cave expes  thailand iterating     escape pod design  might  safe enough  try also building  inflatable tube  airlocks less likely  work given tricky contours  great   ,3100,24000,151000,0,2,0,1,2,0,1,2,1,4
7/7/18,got  great feedback  thailand primary path  basically  tiny kidsize submarine using  liquid oxygen transfer tube  falcon rocket  hull light enough   carried  2 divers small enough  get  narrow gaps extremely robust,1600,13000,78000,1,0,0,0,0,0,0,0,1,2
7/8/18,,4200,54000,205000,0,0,0,0,0,0,0,0,0,0
7/8/18,  mods   also work   escape pod  space,1000,3200,46000,0,1,0,1,0,0,0,0,1,1
7/8/18,thanks,221,787,19000,0,0,0,0,0,0,0,0,0,0
7/8/18,simulating maneuvering   narrow passage,2300,24000,95000,0,0,0,0,0,0,0,0,0,0
7/9/18,just returned  cave 3 minisub  ready  needed   made  rocket pasnamed wild boar  kids soccer team leaving   case  may  useful   future thailand   beautiful,8200,84000,303000,1,1,0,1,1,1,1,1,2,1
11/16/17,tesla semi,2200,24000,122000,0,0,0,0,0,0,0,0,0,0
7/9/18,solar roof  performing well   week  july heat combo  using ac  charging 2 evs means  using  lot   creating even ,227,1300,12000,0,0,0,0,0,0,0,0,0,0
7/10/18,great news   made   safely congratulations   outstanding rescue team,2000,22000,101000,0,1,0,0,2,0,1,2,1,2
7/10/18,elon musk  shanghai signs prelim agreement  tesla factory  china  500k vehicle capacity,420,1400,11000,0,0,1,1,0,0,0,1,1,1
7/11/18,wellit looked smaller  paper,324,534,14000,0,0,0,0,0,0,0,0,0,0
7/11/18,"catching rocket fairings falling  space  proven tricky   made  net really big
spacex completes vast mr steven arm upgrades  quadruplesized net",435,1300,16000,1,0,0,0,0,1,0,1,1,0
7/11/18,stockholm   just  syndrome,1200,4000,46000,0,0,0,0,0,0,0,0,0,0
7/12/18," true
 number  people  commit corporate espionage  financial crimes   just absolute shit    criminal  always surprising

people will literally google   commit crimes   employer",205,487,7300,2,0,2,1,0,0,1,0,3,1
7/12/18,model 3 design studio now open  noh america,494,2100,18000,0,0,0,0,0,0,0,0,0,1
7/12/18,"hey world lets set  record straight  team   working  
extremely grateful       done  far",464,4100,28000,0,0,0,0,0,0,0,1,0,2
7/12/18,"just  us    telepoation stargate   andromeda galaxy  amazing
",1600,3900,34000,0,0,0,0,0,0,0,0,0,0
11/18/17, clarify     base model performance  will   special option package  takes    next level,2600,8300,60000,0,0,0,0,1,0,0,2,0,5
7/12/18,excellent meetings  senior leaders  china  thoughtful   longterm future,415,568,13000,0,0,0,0,1,0,0,2,0,2
7/12/18,just finished  amazing 3 day visit  china  world  never seen human energyvigor   scale incredibly impressed  tesla china teampotential   future,1200,2900,43000,0,0,0,0,0,0,0,0,0,1
7/12/18,  team   profoundly interesting discussion  history philosophyluck  vice president wang  <U+4E2D><U+5357><U+6D77><U+7D2B><U+5149><U+9601>,864,1600,26000,0,0,0,0,0,0,0,2,1,3
7/13/18,feels like  showtell weekend  wonder   cat dragged ,1600,1200,25000,0,0,0,0,0,0,0,0,0,0
7/13/18,interesting read,537,1300,8900,0,0,0,0,0,0,0,0,0,1
7/13/18,wrote  grimoire joined fellowship,573,777,14000,0,0,0,0,0,0,0,0,0,2
7/14/18,thanks jack   clear     conservative  registered independentpolitically moderate doesnt mean im moderate   issues humanitarian issues  extremely impoant  mei dont understand     impoant  everyone,1500,4200,48000,0,1,0,0,1,0,1,1,0,2
7/14/18, said    actually see  checks changed  policy today  nominal annual amount goes  automatically   paies  maintain dialogue   given vastly   humanitarian causes,807,839,9400,0,1,0,0,1,0,1,2,0,1
7/14/18,"thank   fighting climate change  affects every living creature  eah
  got   better topics  debate  whether",2000,3000,33000,1,0,1,2,0,0,0,0,2,1
7/14/18,repos     top donor  gop  categorically false     top donor   political pay,5100,6900,72000,0,2,0,0,1,0,0,2,0,2
11/19/17," saying  next gen roadster special upgrade package will definitely enable   fly sho hops  maybe

ceainly possible just  question  safety rocket tech applied   car opens  revolutionary possibilities",1500,6800,37000,1,0,0,0,2,0,0,2,0,5
7/16/18,sorry elontesla model 3 much better   expected,140,695,5400,0,1,0,0,0,0,0,0,0,1
7/16/18,great news  munro says  tesla,133,509,3900,0,0,0,0,0,0,0,0,0,0
7/16/18,tesla critic flips  view finds  model 3   potential   profitable,200,741,5800,0,0,0,0,0,0,0,0,1,1
7/16/18,student teams  arriving ,201,946,9500,0,0,0,0,0,0,0,0,0,0
7/17/18," mostly nobody mentioned  letter elon got  richard rick stanton     experienced rescue diver 

stanton  elon  worried   smallest lad please keep working   capsule details 

y cnt",228,774,5600,0,2,0,0,1,1,1,2,1,3
7/17/18,"finally  thorough piece  repoing   

journalism  dead    can fight  distribute pieces like   highsignaltonoise ratio  can resurrect",617,6400,21000,1,1,1,1,1,0,1,2,1,1
7/17/18,spacexs mr steven spotted  highspeed test  sea  upgraded net ahead  fairing catch debut,111,450,4300,0,0,0,0,0,0,1,0,0,2
7/18/18," wish
 recommend losing  breaking  phone",1200,1800,21000,1,0,0,0,0,1,0,1,1,1
7/19/18, tesla brand   share  haters  none  driven  new model 3 performanceuntil now,154,966,5400,0,1,0,0,1,0,0,1,0,2
7/19/18,thanks dan    tough reviewer   means  lot coming   please lmk even smallest nuance  can  improved,565,1000,15000,0,1,0,0,0,1,0,0,1,1
11/21/17,initial hat offering going great w  $300k  hat sales already thanks  buying  super boring hat  rock figurativelyliterally  cash goes directly towards  boring,688,1500,15000,1,1,0,1,1,0,0,2,1,2
7/20/18," kidding
social media manipulation rising globally new oxford repo warns",758,3300,25000,1,1,0,1,1,0,0,0,1,1
7/20/18,,373,293,5600,0,0,0,0,0,0,0,0,0,0
7/20/18,,271,262,5300,0,0,0,0,0,0,0,0,0,0
7/20/18,    waitingnew  igtv driving tesla model 3 performance,231,857,11000,0,0,0,0,0,0,0,0,0,1
7/21/18,falcon 9  telstar 19 vantage went veical  afternoon  pad 40  florida weather  60 favorable   fourhour launch window  opens sunday july 22  150  edt 550 utc,272,1600,12000,0,2,0,0,1,0,1,1,0,3
7/22/18,congratulations ,152,908,7700,0,0,0,0,0,0,0,0,0,0
7/22/18,"wall street
tesla sho sellers drive pulitzerwinning journalist  twitter  glowing review  model 3 performance",658,1400,14000,0,0,0,0,0,0,0,0,0,3
7/23/18,"11353 charging locations across  world  growing daily
im  happy  hotels  free tesla destination chargers imagine  hotels topped   gas car   stay therethats  crazy awesome  ",367,1500,13000,1,3,0,2,2,2,1,1,1,2
7/24/18,m?tor trend,819,1500,14000,0,0,0,0,0,0,0,0,0,0
7/25/18,"wagnerian
rings  rings  rings",469,933,14000,0,0,0,0,0,0,0,0,0,0
11/22/17,congratulations   tesla crew  south australian authorities  worked  hard  get  manufactured  installed  record time,1200,7900,41000,0,1,0,0,0,0,0,1,0,0
7/25/18,scientists believe theyve found liquid water  mars   first time  potential gamechanger   search  life   red planet,852,10000,26000,0,1,0,0,1,0,0,1,0,1
7/25/18,,88,790,3200,0,0,0,0,0,0,0,0,0,0
7/25/18,"cynics said  cant  done
now 

 ",90,829,5200,0,0,0,0,0,0,0,0,0,0
7/26/18,"woh another retweet hope dan neil returns  twitter  left due  relentless attacks  shosellers  constantly peddle fear unceaintydoubt  tesla dan won  pulitzeris considered  many    best car critic   world
   hoping tesla  fail  account   model 3 ive got bad news  thing  magnificent",875,3000,24000,2,2,1,2,2,1,2,4,3,3
7/27/18, photos  falcon 9s launch  iridium7 <U+2192>,235,3100,20000,0,1,0,0,0,0,0,0,0,1
7/27/18,gwynne shotwell  coo ,273,886,12000,0,0,0,0,0,0,0,0,0,0
7/29/18," tried   new delivery system using  enclosed trailer straight  factory  owners home  super convenientcar arrives  pristine condition without wasting plastic wrap
",1500,3700,42000,0,1,1,1,0,1,0,1,1,2
7/29/18,,290,250,3300,0,0,0,0,0,0,0,0,0,0
7/29/18,nothing   realimaginary,4700,10000,53000,0,0,0,0,0,0,0,0,0,0
7/29/18,think  tweet twice  ,2100,5400,39000,0,0,0,0,0,0,0,0,0,0
11/25/17,thanksgiving   rockies love  bro,437,393,7900,0,0,0,0,2,0,0,0,0,2
7/29/18,0,1100,1700,19000,0,0,0,0,0,0,0,0,0,0
7/29/18," future  accelerating
   busy year  aificial intelligence  ai beating  worldclass poker player   humanoid   twitter battle ",564,1500,11000,2,0,0,2,1,1,0,1,3,1
7/29/18,8bit floating point,846,608,9700,0,0,0,0,0,0,0,0,0,0
7/31/18,"   big gas guzzler engine  front means theres room  trunks  frontback plus longer crumple zone  best safety   midsize car
 crazy  much stuff fits   model 3",658,1500,19000,2,0,0,1,0,1,0,0,2,1
7/31/18, adding  paycamper mode soon  s3x   car can maintain air flow temp selective lights musicpower devices  48 hours    parked big batteries rock,900,1700,21000,0,0,0,0,0,0,0,0,0,2
8/1/18,please send examples  prior work  applying looking  max playabilitycreativity,1100,1200,18000,0,0,0,0,0,0,0,0,0,0
8/1/18,dragon  ,189,2400,15000,0,0,0,1,0,0,0,0,0,0
8/1/18,falcon 9 launches iridium  orbit  vandenberg air force base,247,718,8300,1,0,0,1,0,0,0,1,1,0
8/1/18, youre  video game development consider applying  tesla  want  make super fun games  integrate  center touch screen phonecar irl,4800,13000,79000,0,1,0,0,1,0,0,1,0,2
8/1/18,  best classic,1600,4100,36000,0,0,0,0,0,0,0,0,0,1
11/26/17,got  regulate airobotics like   food drugs aircraftcars public risks require public oversight getting rid   faa wdnt make flying safer theyre   good reason,1700,7000,29000,0,2,0,1,2,0,1,2,1,6
8/2/18,station teams  around  world polled go  fridays release  ,78,771,5900,0,0,0,0,0,0,0,0,0,0
8/2/18,gigafactory 1 battery production  reached  annualized run rate ??20 gwhmore kwh    carmakers combined,418,2600,17000,1,1,0,0,0,0,0,0,1,1
8/3/18,tesla grid controller  powerpacks optimize renewable energy across samoas grid,156,1000,8000,0,0,0,0,0,0,0,0,0,0
8/4/18,still  true today    6 years ago,379,478,12000,0,0,0,0,0,0,0,0,0,0
8/4/18,"squirrels 
  search  purple squirrels giving  attention  makes  want    purple",563,1400,17000,0,0,0,0,0,0,0,0,0,2
8/4/18,dragon returned home yesterday   second monthlong stay  ,228,2600,21000,0,0,0,1,0,0,0,0,0,0
8/5/18,"glad youre enjoying model 3thanks  buying  tesla major enhancements  autopilotfun games coming   month  v90
thanks",382,638,9500,0,3,0,0,2,0,0,1,0,4
8/5/18, true  three kids   car  need  stop every three hours  bathroom  food anyway charging   nearly  big deal everyone thinks  ,252,322,5100,0,1,0,0,2,0,1,2,0,2
8/5/18,thats right provided  two crew dragon test flights go well hardware will def  ready,484,1700,14000,0,1,0,1,0,0,0,1,0,0
8/5/18,performance model 3 review ,320,729,6800,0,0,0,0,0,0,0,0,0,1
11/26/17,"  nothing    years  bot will move  fast youll need  strobe light  see  sweet dreams
 dead",5700,89000,271000,0,1,0,0,1,0,1,1,0,1
8/5/18,dang turns  even hitler  shoing tesla stock,1200,2900,19000,0,0,0,0,0,0,0,0,0,0
8/5/18,love  handmaiden director also made original korean oldboy,253,321,4400,0,0,0,0,1,0,0,1,0,2
8/6/18,,122,527,4500,0,0,0,0,0,0,0,0,0,0
8/6/18,,97,590,4100,0,0,0,0,0,0,0,0,0,0
8/6/18,falcon 9  merah putih  veical  pad 40  florida weather  80 favorable   twohour launch window  opens tuesday august 7  118  est 518  utc,238,2800,10000,0,2,0,0,1,0,1,1,0,4
8/7/18, considering taking tesla private  $420 funding secured,6400,16000,89000,0,0,0,0,0,0,0,0,0,0
8/7/18,good morning,4300,3500,50000,0,1,0,0,1,0,1,1,0,1
8/7/18, hope   current investors remain  tesla even   private  create special purpose fund enabling anyone  stay  tesla already    fidelitys spacex investment,523,978,9000,0,1,0,0,3,0,1,1,0,3
8/7/18,shareholders  either  sell  420  hold sharesgo private,1400,2200,20000,0,0,0,0,0,0,0,0,0,0
8/7/18,absolutely  super appreciative  tesla shareholders will ensure  prosperity   scenario,287,519,7200,0,0,0,0,0,0,0,0,0,1
10/3/17,aiming  two rocket landings  48 hours  weekend,1100,3500,24000,1,0,0,0,0,0,0,0,0,0
11/27/17,   tech companies people  want  work ,265,2100,8000,0,0,0,0,0,0,0,0,0,0
8/7/18,def  forced sales hope  shareholders remain will  way smootherless disruptive   private company ends negative propaganda  shos,575,727,7900,0,1,0,1,1,1,1,1,3,1
8/7/18,"investor suppo  confirmed  reason     ceain    contingent   shareholder vote
taking tesla private",1800,2900,20000,1,2,0,0,1,1,1,2,1,3
8/8/18, appears  theres overwhelming suppo ,376,643,6400,0,0,0,0,0,0,0,0,0,1
8/8/18,tesla deliveriesap hardware cha ,537,1300,12000,0,0,0,0,0,0,0,0,0,0
8/9/18,free trial  autopilot    havent purchased   staing  roll  14 days  decide   want   ,301,707,6500,0,0,0,0,0,0,0,0,0,0
8/10/18, thigh high socks  pockets  liplinercards,975,4300,46000,0,0,0,0,0,0,0,0,0,0
8/10/18,unis3x,302,1100,12000,0,0,0,0,0,0,0,0,0,0
8/10/18,paired  thighhigh sockboots,294,1100,13000,0,0,0,0,0,0,0,0,0,0
8/10/18,"99   us population  within 150 miles   supercharger
  first heard  tesla destination charging  sounded  good   true ive since changed  mind",542,2000,17000,0,2,0,1,2,1,2,1,0,3
8/10/18,s3xy,626,8500,37000,0,0,0,0,0,0,0,0,0,0
11/27/17,"mars sky   opposite  eah
blue sunrise  sunset
red   day",1200,17000,89000,0,1,0,0,0,1,0,0,0,2
8/10/18,sho shos coming soon  tesla merch,2800,17000,109000,0,1,0,0,0,0,0,0,0,0
8/10/18,,1000,1200,8900,0,0,0,0,0,0,0,0,0,0
8/10/18,   fav sho shos,1500,1100,11000,0,0,0,0,0,0,0,0,0,0
8/11/18,great qa,751,3700,25000,0,0,0,0,0,0,0,0,0,0
8/12/18,"model 3 traction testing  pure icesnow
model 3 performance testing  alaska",960,3300,32000,0,0,0,0,0,0,0,0,0,1
8/13/18, first four,274,2900,21000,0,0,0,0,0,0,0,0,0,0
8/13/18,hear   five astronauts  will   first fly,126,841,5000,0,0,0,0,0,0,0,0,0,0
8/14/18,  hosting student tours   hawthorne tunnel site  schools  la county  tour can accommodate   30 students interested faculty  students   faculty sponsor can reach   studenttours,174,636,7200,0,0,1,0,0,1,0,3,0,3
8/15/18,always exciting  see innovative ideas like  proposed dugout loop   boring company  excited  announce dugout loopa highspeed zeroemissions underground public transpoation system allowing fans  get   red line  dodger stadium   4 minutes,188,432,4400,0,3,0,0,2,0,2,2,1,3
8/15/18,defeating traffic   ultimate boss battle,3300,13000,101000,1,1,0,0,0,1,0,0,1,0
11/28/17,    flat mars society,4400,29000,97000,0,0,0,0,0,0,0,0,0,0
8/15/18,model 3 review  unbox,724,1400,12000,0,0,0,0,0,0,0,0,0,1
8/15/18,falcon 9 lands    course  still love  droneship  returns  po  delivering  merah putih satellite  geosynchronous transfer orbit  mission marked  first reflight   falcon 9 block 5 rocket booster,406,3800,24000,1,0,0,0,1,0,0,0,0,2
8/15/18, boring company  excited  announce dugout loopa highspeed zeroemissions underground public transpoation system allowing fans  get   red line  dodger stadium   4 minutes,393,2200,13000,0,2,0,0,1,0,1,2,1,2
8/17/18,"great meeting 
new videotalking tech  elon musk",1500,6000,83000,0,0,0,0,0,0,0,0,0,0
8/18/18,"super appreciate free conce  tesla   intense time 
thanks  visiting jack",774,1200,21000,1,1,1,1,1,0,1,1,1,1
8/20/18,new videotesla factory tour  elon musk,523,3700,28000,0,0,0,0,0,0,0,0,0,0
8/21/18,,2000,2900,42000,0,0,0,0,0,0,0,0,0,0
8/21/18,"really makes  wanna buy rice krispies
mind blown  learning just now  snap crackle  pop  terms taken  physics    4th 5th  6th time derivatives  position     wasnt enough   perilously close    bowl ",756,2400,18000,0,1,0,0,0,0,1,0,1,2
8/21/18,read eliots notes   waste land,701,613,5700,0,0,1,0,0,0,0,0,1,1
8/23/18,"love born   brain   spirited doubtless  true love     flashes  enthusiasm  knows   well  criticizes  incessantly  far  banishing thought    reared  upon  structure  thought
 red   black",1900,5500,38000,0,2,0,0,2,1,1,2,1,4
11/29/17,model x races  gasoline spos car  towing  spos car,457,1900,14000,0,0,0,0,0,0,0,0,0,1
8/23/18,"3 motors
10000nm  torque
top speed  250+ mph

 2020 tesla roadster   like  fighter plane",578,4900,28000,0,1,0,0,1,0,0,2,0,2
8/23/18,"goal   service  car wherever   quietlyquickly  need  bring    tesla service center
turns  80  repairs can  done without visiting  service centerwere doubling  mobile service fleet globally  year",1500,5300,47000,0,1,0,0,0,0,0,1,0,2
8/24/18," time  vacuum tunnel will   bit longerspacex will provide  advance funding  student teams   promising designs bonus award   race pods  exceed half  speed  sound
 2019 hyperloop pod competition  coming next summer registration  open now <U+2192>",353,1300,11000,0,7,0,1,4,0,3,2,1,6
8/24/18,"  actually real
crew access arm installed  launch complex 39a  florida will serve   bridge ",863,2900,33000,0,1,0,0,0,0,0,3,1,2
8/24/18,staying public,1200,5600,31000,0,1,0,0,0,0,0,0,0,1
8/25/18, people dont realize   cost  operating  electric vehicle  much lower   gas car electricity  way cheaper  gas plus  oil changes tuneupssmog checksother service costs,2400,5000,41000,0,0,0,0,1,1,1,0,1,2
8/25/18, world lost  great man  john mccain    honorable kind brave  fundamentally decent human        people   world,1800,9500,93000,0,0,1,0,1,1,0,2,2,3
8/30/18,track mode left  literally shaking  adrenaline,278,1000,8700,0,1,0,1,0,0,0,0,1,0
8/30/18, got  firsttesla model 3  december 2017    damn good  got another one  february 18   son now  two cars   great   wife went shopping   new car last month  considered almost everything       buy model 3,985,2100,28000,1,2,1,0,2,0,2,2,1,3
8/31/18,forward hatch view  dragon depaing ,430,5500,29000,0,0,0,1,0,0,0,0,0,1
11/29/17, boring company will compete  fund buildoperate  highspeed loop connecting chicago ohare airpo  downtown,1100,6800,36000,0,0,0,0,0,0,0,0,1,0
9/5/18,will  ,3400,18000,107000,0,0,0,0,0,0,0,0,0,0
9/5/18,holy cow,234,1700,8400,0,0,0,0,0,0,0,0,0,1
9/5/18,"tesla 1st 2nd3rd  august sales
 updates now inmonthly plugin sales scorecard",806,1500,14000,0,0,0,0,0,0,0,0,0,1
9/7/18,good times ,3000,8600,60000,0,1,0,0,1,0,1,1,0,1
9/7/18,   business magnet,2500,6800,59000,0,0,0,0,0,0,0,1,0,1
9/8/18, easy coming    good cover story   underground volcano lair   think  working,2600,8900,96000,0,2,0,1,1,0,2,2,2,2
9/8/18, almost   time slows    pleasure   marvel  experience,181,766,6700,0,1,0,0,0,0,1,0,0,1
9/8/18,"testdriving  new boring machine   
best video game ever",1100,5200,44000,0,0,0,0,0,0,0,1,1,0
9/9/18,falcon 9  telstar 18 vantage  veical  pad 40  florida weather  60 favorable  tonights fourhour launch window  opens  1128 pm edt <U+2192>,267,1900,12000,0,2,0,0,1,0,1,1,0,3
9/9/18,   honest  fun conversation ,890,4700,26000,1,1,1,1,2,1,0,1,0,2
11/30/17,racing video pa 2,646,2200,11000,0,0,0,0,0,0,0,0,0,0
9/9/18,successful deployment  telstar 18 vantage   geostationary transfer orbit confirmed,264,2000,17000,0,1,0,0,1,0,0,2,0,2
9/10/18,blazingly quick,152,562,4200,0,0,0,0,0,0,0,0,0,0
9/10/18,moving 2  7 tesla colors  menu  wednesday  simplify manufacturing obsidian blackmetallic silver will still  available  special request   higher price,1600,1500,29000,0,1,0,0,2,0,1,1,0,2
9/11/18,   911 tribute  mars  hardware   us flag ,215,4000,15000,0,0,0,0,0,0,0,0,0,1
9/12/18,due   large increase  vehicle delivery volume  noh america tesla customers may experience longer response times resolving    top priority,1500,1800,33000,0,2,0,0,0,0,0,1,0,3
9/13/18,first boring brick store opening  ~2 months  10 cents  brick rated  california seismic loads,413,1300,16000,0,1,0,0,0,0,0,0,1,1
9/13/18,bricks will  free  used  affordable housing projects,647,1800,22000,0,0,0,0,0,0,0,0,0,0
9/13/18, trying  spacesuits  preparing  potential emergencies see  astronauts  getting ready  fly   test flights  first missions ,93,971,5500,0,1,0,0,0,0,0,0,0,0
9/13/18,spacex  signed  worlds first private passenger  fly around  moon aboard  bfr launch vehiclean impoant step toward enabling access  everyday people  dream  traveling  space find  whos flying    monday september 17,3000,28000,101000,0,2,0,1,0,0,0,0,0,3
9/13/18,"electric cars made  sunlight
gigafactory 1 will   largest rooftop solar array   world upon completion70mw  roughly ~200000 solar panels",1300,7500,64000,0,1,0,0,2,0,1,0,0,3
11/30/17,new,392,2200,8900,0,0,0,0,0,0,0,0,0,0
9/13/18,boring company approved  build  tunnel entrance inside  residential garage,571,1800,18000,0,0,0,0,0,0,0,0,1,1
9/14/18, driving  model 3 every  cars console feels like  misuse  wires  visual real estate,275,1500,11000,0,0,0,0,0,1,0,1,1,3
9/15/18,tesla owners can grant free supercharging  life   friend  buys s3x ends tomorrow night,1300,2500,20000,0,2,0,0,2,0,0,2,0,2
9/16/18,,2500,17000,91000,0,0,0,0,0,0,0,0,0,0
9/16/18,,1900,9400,85000,0,0,0,0,0,0,0,0,0,0
9/16/18,,1200,8800,83000,0,0,0,0,0,0,0,0,0,0
9/16/18,exciting  see  tesla collision repair operations already completing within 24 hrs aiming   day soon    hour,280,754,13000,1,2,0,0,2,0,1,0,1,2
9/16/18,tesla  bringing  collision repairs inhouse  outside firms take weeks  months  repairs driving tesla owners  us crazy,738,1600,24000,2,0,0,1,0,1,0,0,2,0
9/16/18,goal   repaired car   better   accident  always  true  damagedused pas  correctly replaced  newer pas,439,747,14000,0,0,0,1,0,1,1,0,1,0
9/17/18,btw cant emphasize enough ,688,4300,58000,0,0,0,0,0,0,0,1,0,0
12/1/17,falcon heavy  launch next month  apollo 11 pad   cape will  double thrust  next largest rocket guaranteed   exciting one way  another,946,9100,48000,1,2,0,0,1,0,1,0,0,3
9/17/18,top spacex priority   will remain suppoing,225,950,20000,0,1,0,0,0,0,0,1,0,1
9/17/18,"due   tesla owners encountering system issues yesterday  free supercharging referral program will  extended  tomorrow night
trying  get  referral code bc  friend wants  buy one  ive gotten unable  load  lootbox please try  later  day",324,511,7600,0,1,0,0,1,1,0,2,1,1
9/17/18,thank    trust    panership ,282,883,14000,0,0,0,0,0,0,0,1,0,0
9/17/18,"yusaku will  bringing 8 brave aistscultural figures     journey around  moon
 first private passenger  fly around  moon aboard bfr  fashion innovator  globally recognized  curator yusaku maezawa",1400,6000,38000,0,2,0,1,1,0,0,0,0,1
9/17/18,hanging  ,1300,9500,65000,1,0,1,1,0,1,0,0,1,0
9/17/18, choose  go   moon  aists,1400,8700,37000,0,0,0,0,0,0,0,0,0,0
9/18/18,moon mission will  livestreamed  high def vr  itll feel like youre   realtime minus   seconds  speed  light,4000,24000,164000,0,0,0,0,0,0,0,0,0,0
9/18/18,tesla  headed   graveyard predicts former gm exec bob lutz,1700,365,3300,0,0,0,0,0,0,0,0,0,0
9/18/18,another serious shot w,731,4500,54000,1,0,0,1,0,1,1,0,1,0
9/18/18,,1400,5100,51000,0,0,0,0,0,0,0,0,0,0
12/1/17,payload will   midnight cherry tesla roadster playing space oddity destination  mars orbit will   deep space   billion years     doesnt blow   ascent,4400,17000,83000,0,1,1,1,2,2,2,1,1,4
9/19/18,,891,2800,29000,0,0,0,0,0,0,0,0,0,0
9/19/18,TRUE,915,3100,25000,0,0,0,0,0,0,0,0,0,0
9/20/18,tesla model 3 sedan aces   us safety agencys crash tests,204,1500,8800,0,0,0,1,0,1,1,0,1,1
9/20/18,tesla model 3 gets fivestar crash safety rating  nhtsa,140,1000,7400,1,0,0,2,0,2,1,0,2,1
9/20/18,,533,1800,20000,0,0,0,0,0,0,0,0,0,0
9/20/18,tesla piece   physics  car safety coming soon   interested  technical details,453,818,15000,0,1,1,0,0,1,0,0,0,2
9/21/18,heres ,994,5500,22000,0,0,0,0,0,0,0,0,0,0
9/21/18,,950,6900,78000,0,0,0,0,0,0,0,0,0,0
9/21/18,mars base alpha,6100,40000,247000,0,0,0,0,0,0,0,1,0,0
9/25/18,"tesla owners 
just wanted  say thanks   tesla suppoers  damn well love ",2900,3300,62000,1,0,1,0,1,0,0,0,1,1
12/3/17, preserve  transcendent majestyspecialness   boring company cap   capping cap orders  50000 caps almost ,692,927,10000,0,1,0,0,0,0,0,1,1,1
9/26/18,japans ispace strikes deal  spacex  launches   moon  2020  2021,244,1700,10000,0,1,0,0,1,0,1,1,0,1
9/28/18,huge thank    tesla suppoers  helping  car deliveries  around  world  rock,1200,2000,42000,0,0,0,0,0,0,0,0,0,1
9/28/18, remember,2800,21000,152000,0,0,0,0,0,0,0,0,0,0
9/28/18,"  intense
ten years ago today  achieved  first successful launchtime flies  youre  fun",977,3800,43000,1,2,1,1,3,0,1,2,1,3
9/28/18,sorry  difficulties delivering  tesla due  high volume critical  show  environmentally sustainable  financially sustainable,1200,2100,33000,0,0,0,0,0,1,0,1,1,0
10/1/18,naughty  nature,1900,2900,27000,0,0,0,0,0,0,0,0,1,0
10/1/18,,281,4300,32000,0,0,0,0,0,0,0,0,0,0
10/3/18,  worlds biggest lithiumion battery works,165,1600,10000,1,0,0,0,0,0,0,0,1,0
10/3/18,im  little obsessed ive never   much fun driving  car  fact  doesnt even feel like  car   new incredible experience   need try    wont want  go back thanks,259,847,11000,0,2,0,0,1,0,0,1,0,1
10/4/18, last several years  taught     indeed reasonably maligned,274,616,11000,0,0,0,0,0,0,0,1,0,0
10/4/17, believe  can fly,784,2600,15000,0,0,0,0,0,0,0,0,0,0
12/3/17,hat,658,2100,10000,0,0,0,0,0,0,0,0,0,0
10/4/18,ill never buy  gas car  thats  incrediblethis,174,504,6500,1,0,1,1,0,1,0,0,1,0
10/4/18,     illegal,1100,777,12000,1,0,1,1,0,1,0,0,1,0
10/4/18,people sometimes forget   company  just  group  people gathered together  make products  long   makes great products  will  great value,1700,9600,71000,0,1,0,0,0,0,0,0,1,0
10/4/18,just want    shoseller enrichment commission   incredible work   name change    point,3700,5200,37000,0,0,0,1,0,0,0,1,0,0
10/4/18,"great verdict 
 drove  $57500 tesla model 3   week  see   practical  everyday drivingheres  verdict",381,784,11000,0,0,0,1,0,0,0,0,0,1
10/4/18,q3 2018 vehicle safety repo,181,1000,7800,0,0,0,0,0,0,0,0,0,0
10/4/18, revenue taking publicly available selling prices model 3 actually outsold camry   factor  two,415,1500,13000,0,0,0,0,0,0,0,0,0,1
10/5/18,3 new apps   now  web browser calendar   energy app  model 3,79,403,4000,0,0,0,0,0,0,0,0,0,1
10/5/18,4mobile app sta software updates send  destination  navigation  control media   tesla   mobile app,162,634,6100,0,2,0,1,1,1,1,0,0,1
10/5/18,"tesla owners can refer someone  buy  teslaget  image  want laser etched  glasssent  deep space  millions  years
tesla new referral program rewards allows owners  send photos  deep space",1500,3600,27000,0,0,0,0,0,0,0,1,0,1
12/3/17,every 5000th buyer   boringly boring hat will get  free hat signed   delivery guy,2100,3100,28000,0,1,0,0,0,0,0,0,1,1
10/5/18,"first falcon 9 land landing mission  vandenberg air force base  california coming  soon
now targeting october 7  launch  saocom 1a rocket  payload  healthy additional time will  used  complete preflight vehicle checkouts",330,993,12000,2,3,0,1,0,0,0,1,1,3
10/5/18,2 dashcam record  store video   forwardfacing camera   car,192,546,5500,0,1,0,0,0,0,0,0,0,1
10/6/18,blade runneresper editionvangelis,432,755,6700,0,0,0,0,0,0,0,0,0,0
10/6/18,sonic boom warning  wont  subtle,918,2600,18000,0,1,0,1,0,0,0,0,0,0
10/6/18,spacexs west coast landing zone,280,3500,30000,0,0,0,0,0,0,0,0,0,1
10/6/18,tesla model 3 total cost  ownership estimatecrushing?,96,457,3700,0,0,0,0,0,0,0,0,0,2
10/7/18,credit,893,12000,82000,0,0,0,0,0,0,0,1,0,1
10/7/18,tesla model 3 achieves lowest probability  injury   vehicle ever tested  nhtsa,124,1600,8900,1,1,0,1,0,2,0,0,2,1
10/7/18,falcon  landed,1800,26000,191000,0,0,0,0,0,0,0,0,0,1
10/7/18,saocom1a falcon  perched  ready  morning  vandenberg launch  sched  721 pm pt spacex will  attempting  landing  lz4 located ~1400 feet   launchpad,133,1000,7600,0,2,0,0,0,0,0,0,0,1
12/3/17, special hat delivery will take place deep within  real  fictional  course tunnel   building  la   drive  giant machine blindfolded  will actually happen,570,848,12000,0,2,0,1,1,0,0,2,0,4
10/7/18,tesla owner shows  well ultrawhite seats hold   25000 miles  blackwhite interior  def best imo,512,716,11000,0,0,1,0,0,0,0,1,0,1
10/7/18,watch spacex attempt  land  falcon 9 rocket   california coast   first time,88,725,5400,1,3,0,1,0,0,0,0,0,2
10/7/18,falcon 9  saocom 1a  veical  spacexs launch pad  vandenberg afb following todays launch  721 pm pdt spacex will attempt  land falcon 9s first stage  landing zone 4 webcast stas ~15 minutes  liftoff <U+2192>,308,2300,12000,0,2,0,0,0,0,0,0,0,3
10/8/18,,463,4200,50000,0,0,0,0,0,0,0,0,0,0
10/8/18," physics   tesla achieved best safety   cars ever tested note  vehicle weight  taken  account order   like xs  3      close
model 3   lowest overall probability  injury   car ever tested ",1100,3500,30000,1,2,1,2,1,3,1,2,3,3
10/8/18,model 3 provides superior safety   front crumple zone   optimized  absorb energy  crush upon impact,98,1300,10000,0,0,0,0,0,0,0,0,0,2
10/8/18,model 3   lowest intrusion  side pole impact   vehicle tested ,165,2100,15000,0,0,0,1,0,1,0,0,2,1
10/8/18,,281,1100,5800,0,0,0,0,0,0,0,0,0,0
10/8/18,video recap  last nights launch  landing,829,11000,50000,0,1,0,0,0,0,0,0,0,1
10/8/18,tesla model 3 ,188,1200,7100,0,0,0,0,0,0,0,0,0,1
12/3/17, real money comes  merchandising  learned    documentary,1700,4000,23000,1,1,0,0,1,0,1,2,0,2
10/8/18, pleased + proud   exyou might  heard  himhelped get  documentary made  one   heroines eve ensler + vdays work   congo  women  survived horrific violence thank ,128,738,8100,2,1,1,2,2,2,0,1,2,2
10/9/18," reminder    impoant  accelerate advent  cars powered  electricity made  solar power
",1200,6400,29000,0,2,0,0,1,0,0,1,0,2
10/9/18,studebaker museum  south bend,1000,4800,38000,0,0,0,0,0,0,0,0,0,0
10/10/18, falcon lz1 vandenberg  sunday night   base commander suppo ,1200,3300,33000,0,0,0,0,0,0,0,1,0,0
10/12/18,"teslaquila coming soon 
elon musks tesla seeks  trademark teslaquila",1700,7000,50000,0,1,0,0,0,0,0,0,0,0
10/12/18,visual approximation,2200,9700,58000,0,0,0,0,0,0,0,0,0,0
10/12/18,one   leading climate scientists   time  warning   horrifying possibility  15to20 feet  sealevel rise,242,1400,4300,0,2,1,2,0,1,0,1,1,0
10/12/18,tesla exists  help reduce risk  catastrophic climate change  affects  species  eah even   faith  humanity  faltering   woh caring  suppo makes  difference thank ,4200,29000,179000,0,2,0,2,2,0,0,2,1,2
10/13/18,"rewind akon used   28 cars lamborghinis ferraris bmws  ditched   gasmobiles   teslas   much better just kept four teslastwo  west coast  two  east coast
",126,1100,7700,0,0,0,0,0,0,0,0,0,1
10/14/18,love  name,3600,22000,96000,0,0,0,0,1,0,0,0,0,1
12/7/17, tuesday spacex will attempt  refly   orbital rocket  spacecraft   first,1000,4400,29000,1,1,0,0,0,0,0,0,0,0
10/14/18,  time  create  mecha,12000,63000,252000,0,1,0,0,1,0,0,0,0,1
10/15/18,"  know  36 tesla owners club leaders  nine countries convened  week  fremont cato meet strategize  plan   clubs can continue  suppo tesla owners across  globe now  know",422,899,14000,0,2,0,0,0,0,0,1,0,1
10/15/18,"works best   play games full screenuse steering wheel scroller balls  control
teslas v9 atari games    sta  elon musks gamification plans",609,1200,14000,0,0,0,0,0,0,0,0,0,1
10/15/18,"model 3 motorgearbox still  good condition  driving 1m miles designed  ultra high endurance
 model 3 drive system  designed  validated   1 million milesthis    gears look like  testing",1500,7200,54000,0,1,0,0,1,0,1,2,0,3
10/16/18,insightful aicle  david   many  16 states  cant buy  tesla  actually  laws  ban tesla dealerships    bizarre situation arise heres  indepth repo,494,2300,16000,0,0,0,0,0,0,1,0,2,0
10/16/18,just reviewed teslas service locations  noh americarealized   major gaps  geographic coverage sorry   foolish oversight tesla will aim  cover  regions  na  just big cities within 3  6 months,1700,2700,42000,0,0,0,0,0,0,0,1,2,1
10/16/18, goes   countries within   officially operate  end  next year,577,607,16000,0,0,0,0,0,0,0,0,0,0
10/17/18,special circumstances,877,996,20000,0,0,0,0,1,0,0,0,0,1
10/17/18,tomorrow brings  lemur,1800,5700,62000,0,1,0,0,0,0,0,0,0,0
10/17/18,youll see,938,2200,30000,0,0,0,0,0,0,0,0,0,0
12/10/17, 50k hats  will sta selling  boring company flamethrower,2000,9900,73000,0,0,0,0,0,0,0,0,1,0
10/17/18,every time  think   lemur  think   video,326,2700,16000,0,1,0,0,0,0,0,0,0,0
10/18/18,model 3 long range rear wheel drive  still available  ordering  menu  another week  ,444,445,10000,0,1,0,0,0,0,0,0,1,1
10/18/18,just released lower cost midrange tesla model 3super simple new order page,3800,6100,51000,0,0,0,0,0,1,0,0,1,1
10/18/18,love  reddit comments ,273,461,15000,0,0,0,0,1,0,0,0,0,1
10/18/18,tesla rear wheel drive cars  actually work well  snowice    traction testing   ice lake dual motor awd  great   required  cold weather just dont use sposummer tires,493,756,14000,0,0,0,0,0,0,0,0,2,0
10/18/18,dog saves  puppies,450,1400,17000,0,0,0,0,0,0,0,0,0,0
10/19/18,   done ur welcome,18000,401000,1200000,0,0,0,0,0,0,0,0,0,0
10/21/18, first tunnel  almost done,2200,9600,116000,0,0,0,0,0,0,0,0,0,0
10/21/18,opens dec 10,894,2400,46000,0,0,0,0,0,0,0,0,0,0
10/21/18,twitter  dark souls  social media reddit  bloodborne insta  zelda,6000,53000,244000,0,0,0,0,0,1,0,0,0,0
12/10/17, know   little offbrand  kids love ,620,2000,31000,0,0,0,0,1,0,0,0,0,1
10/22/18,"order tesla without test driveyou get 3 days  return  refund else 1 day
hey",461,1200,25000,0,0,0,0,0,0,0,0,0,0
10/22/18,ianime,15000,156000,476000,0,0,0,0,0,0,0,0,0,0
10/22/18,    chibi wolverine,1400,11000,111000,0,0,0,0,0,0,0,0,0,0
10/22/18,twitter thought  got hackedlocked  account haha,3500,21000,226000,0,1,0,0,0,0,0,1,0,0
10/22/18,overhead views   model 3,1100,15000,89000,0,0,0,0,0,0,0,0,0,1
10/22/18,tesla powerwall keeps  remote home powered  42hour utility?outage,100,912,6400,0,0,0,0,0,0,0,0,0,1
10/23/18,get  question  lot  need  clarify  theres   thing   tesla refresh  car companies   every ~3 years  tesla constantly upgrades vehicle hardware every week,1400,3500,57000,0,0,0,0,0,0,0,1,0,2
10/23/18, simplify production many tesla model sx interior configs will  longer  available  nov 1 order now   sure   one  want,901,1200,21000,0,2,1,0,1,0,1,2,0,4
10/24/18,howd  know,3500,87000,390000,0,0,0,0,0,0,0,0,0,0
10/25/18,making progress,962,1800,36000,0,1,0,0,1,0,0,0,0,1
12/10/17, 30000 hats sold,861,1100,24000,0,0,0,0,0,0,0,0,0,0
10/25/18, said dankest  darkest omg,4100,13000,140000,0,0,0,0,0,0,0,0,0,0
10/25/18,fire  ice,1700,4300,37000,0,0,0,1,0,0,0,0,0,0
10/25/18,deep   think frost secretly preferred  latter,608,442,17000,0,0,0,0,0,0,0,0,0,0
10/25/18,flies like  arrow  fruit flies like  banana,1500,5300,54000,0,0,0,0,0,0,0,0,0,0
10/25/18,send  ur dankest memes,56000,74000,342000,0,0,0,0,0,0,0,0,0,0
10/25/18,"love tesla suppoers  much



",585,1100,21000,0,0,0,0,1,0,0,0,0,1
10/25/18, twitter feed rn,1200,7500,85000,0,0,0,0,0,0,0,0,0,0
10/25/18, moths tho,2900,9700,114000,0,0,0,0,0,0,0,0,0,0
10/25/18,,411,1000,20000,0,0,0,0,0,0,0,0,0,0
10/25/18,massive thanks  tesla ownerssuppoers  wouldnt   without ,2300,4400,94000,0,0,0,0,0,0,0,0,0,0
12/11/17,   just  really big ones  permian  especially bad unless    mushroom,523,3000,16000,1,0,1,1,0,1,0,0,1,0
10/25/18,time,4900,7100,65000,0,1,0,0,0,0,0,0,0,0
10/25/18,fresh puro   meme dealer,1500,17000,105000,0,0,0,0,0,0,0,0,0,0
10/26/18,tesla autopilot drive  navigation going  wide release  noh america tonight,1800,4200,54000,0,0,0,0,0,0,0,0,0,0
10/26/18, twitter likes  rarecriticism  brutal  hardcore  great,3700,17000,174000,1,0,0,1,0,0,0,0,1,0
10/26/18,glad youre ok,482,7400,58000,0,1,0,0,1,0,0,0,0,1
10/26/18,tesla safety update,145,723,9500,0,0,0,0,0,0,0,0,0,0
10/29/18,deleted  tesla titles last week  see   happen im now  nothing  tesla seems fine  far,4200,10000,138000,0,1,0,0,0,0,0,0,0,0
10/29/18,legally required officers   corporation  president treasurersecretary guess    keep 1st one   will confuse  authorities,1200,1400,37000,0,0,0,0,0,0,1,2,1,2
10/31/18,also youll  able  drive    phone remotely like  big rc car   line  sight,1400,3600,40000,0,0,0,0,0,0,0,0,0,0
10/31/18,   sure    use  feature till today,2000,82000,398000,0,0,0,0,0,0,0,0,0,1
12/12/17,35000,2700,2200,26000,0,0,0,0,0,0,0,0,0,0
10/31/18,tesla advanced summon ready  ~6 weeks just  overtheair software upgrade  will work   cars made  past 2 years autopilot hardware v2+,935,4000,45000,0,1,0,0,0,0,0,0,0,1
10/31/18,"scientists uncover sneaky move  gm
gms national ev proposal hides call  roll back vehicle efficiency",679,2000,18000,0,0,0,0,0,0,1,0,0,1
10/31/18,  unfamiliar  uses tesla autoparksummon slightly smaer version hopefully ready soon  next year  tesla   able  drive around  parking lot find  empty spot read signs  confirm  validpark,614,3800,33000,0,1,0,0,0,0,0,0,0,0
10/31/18,car will drive   phone locationfollow  like  pet   hold  summon button  tesla app,983,5300,43000,0,0,0,0,0,0,0,0,1,0
11/1/18, exclusive test drive  software update gives tesla cars  ability  pass slow cars get  highways merge shift   correct exit lane  take exit rampsall autonomously,213,1100,8600,0,1,0,0,0,0,0,0,0,2
11/1/18,bring   horizon,1700,11000,76000,0,1,0,0,0,0,0,0,0,1
11/2/18,commercial crew astronauts bob behnken  doug hurley  getting familiar  operating inside,293,3200,20000,0,0,0,0,0,0,0,2,0,1
11/2/18,starmans current location next stop  restaurant   end   universe,1400,13000,71000,0,0,0,0,0,0,0,0,0,0
11/2/18, didnt even  kids back  just little sponges,914,4800,60000,0,0,0,0,0,0,0,0,0,0
11/2/18, remember     sponge simpler times  ,2600,21000,135000,0,0,0,0,0,0,0,0,1,0
10/6/17,great initial conversation ,705,4400,18000,0,0,0,0,0,0,0,0,0,0
12/13/17,"  high time  humanity went beyond eah    moon base  now  sent astronauts  mars  future needs  inspire
trump directs nasa  send astronauts   moon   mars",2100,15000,72000,0,2,0,0,2,0,1,3,0,2
11/2/18,kids  days   easy,762,3800,55000,0,0,0,0,0,0,0,0,0,0
11/2/18,   existing life   sponge,370,793,18000,0,0,0,0,0,0,0,0,1,0
11/2/18,although     precambrian era,117,380,13000,0,0,0,0,0,0,0,0,0,0
11/2/18,tesla model s just casually following  cyclist  autopilot version 9 dont worry weve got  back ms cyclist,323,1900,17000,0,1,0,1,0,1,0,0,1,1
11/2/18,star wars    $11m budget must     galaxy  ridiculously low budgets,807,2400,35000,0,1,0,0,1,0,0,2,0,1
11/2/18,  go    elon musk  recode interview,299,1200,7300,0,0,0,0,0,0,0,0,0,0
11/2/18,first movie  ever saw  theaters,651,502,19000,0,0,0,0,0,0,0,0,0,0
11/3/18,walked full length  boring co tunnel  la tonight disturbingly long  track  opening pay dec 10 will   onedimensional,1800,5400,78000,0,3,0,0,1,0,0,1,1,2
11/3/18, underappreciated,1300,3700,36000,0,0,0,0,0,0,0,0,0,0
11/3/18,,3000,17000,109000,0,0,0,0,0,0,0,0,0,0
12/14/17,10 hat aficionados  appreciation   exquisite taste  millinery will  picked  random  tour  la tunneldrive boring machine,1500,1700,23000,0,0,0,0,2,0,0,2,1,2
11/6/18, think twitter  deleting fake scam  maybe even inactive accounts  follower count decreased  ~20k   past  days,5400,6000,131000,0,0,0,0,0,0,0,3,1,1
11/6/18,,4400,27000,284000,0,0,0,0,0,0,0,0,0,0
11/6/18,zeroth law,536,468,12000,0,0,0,0,0,0,0,1,0,0
11/6/18,2b  2b,1100,3200,23000,0,0,0,0,0,0,0,0,0,0
11/6/18,love oumuamua jokes,432,361,8400,0,0,0,0,1,0,0,0,0,1
11/6/18,foundation  psychohistory,385,584,14000,0,0,0,0,0,0,0,0,0,1
11/6/18,"oh hi guyslol",1600,2200,21000,0,0,0,0,0,0,0,0,0,0
11/6/18,remember  future,3400,18000,113000,0,0,0,0,0,0,0,0,0,0
11/7/18,mod  spacex tech tree build falcon 9 second stage will  upgraded   like  minibfr ship,1400,2600,38000,1,2,1,0,1,0,1,1,0,2
11/7/18,navigate  autopilot review ,65,336,3800,0,0,0,0,0,0,0,0,0,0
12/15/17,falcon 9 first stage  landed  landing zone 1spacexs 20th recovery   first stage booster,407,4400,22000,0,0,0,0,0,0,0,0,0,2
11/7/18, comments ,861,577,30000,0,0,0,0,0,0,0,0,0,0
11/8/18,holy cow ,268,1300,8000,0,0,0,0,0,0,0,0,0,1
11/8/18,"model 3 perches atop  podium   worlds quickest spos sedan
 return   track  test ",152,927,11000,0,1,0,0,0,0,0,0,0,1
11/8/18,please lmk  youd  like improvedfixed   tesla thanks,24000,2400,61000,0,0,0,0,0,0,0,0,0,0
11/9/18, tesla can help people  california wildfire please let us know model sx  hospital grade hepa filters maybe helpful  transpoing people,2900,17000,141000,0,0,0,2,1,2,1,2,1,2
11/9/18,horrible bay area air quality due  paradise ca firecheck   laser paicle counter window upwindow  test using  model x biodefense filter thank  tesla,176,1600,12000,1,0,1,1,0,0,0,1,1,2
11/10/18," know well run   dead dinosaurs  mine  fuelhave  use sustainable energy eventually    go renewable nowavoid increasing risk  climate catastrophe betting  science  wrongoil companies  right   dumbest experiment  history  far 
  saying  climate change  literally causing  events  occur   can conclude   great deal  confidence now   climate change  making  events  extreme",2700,39000,150000,1,3,1,4,2,1,3,2,2,2
11/10/18,makes   mad  sma ethical scientists  know  accused  publishing climate papers  grant money  earnvs   oppounities  give    help world   accusers make billions  slowing  clean energy    credible,1700,17000,92000,3,2,1,2,3,1,1,4,2,5
11/10/18,"teslas bioweapon defense mode  proving invaluable  owners affected   ongoing ca wildfires",114,1100,7100,1,2,0,1,0,0,0,0,0,1
11/11/18, naturally follows   hotter system will   energetic events  example   pot  water becomes colder  becomes ine ice  heating  pot  water turns    steam boiler,830,3300,28000,0,0,0,0,0,0,0,1,0,1
12/15/17,42k,1500,1200,18000,0,0,0,0,0,0,0,0,0,0
11/12/18,rest  peace stan lee  many worlds  imaginationdelight  created  humanity will last forever,1800,93000,469000,0,1,0,0,2,0,0,2,0,3
11/12/18,,204,1100,11000,0,0,0,0,0,0,0,0,0,0
11/13/18,take  inside look  teslas gigafactory  highlyautomated plant run  thousands  robots  make model 3 battery packs,245,1900,8600,1,0,0,0,0,0,0,0,1,1
11/13/18,"congratulations spacexs falcon 9 ceified  launch nasas flagship scientific spacecraft paving  way  falcon heavy",565,3300,39000,0,1,0,0,0,0,0,2,0,2
12/15/17,hg2g,762,442,8000,0,0,0,0,0,0,0,0,0,0
12/17/17,"man  beautiful 
heres   tesla model 3   coolest car  2017",127,582,4100,0,0,0,0,1,0,0,0,0,2
12/17/17,yet another,79,1400,3500,0,0,0,0,0,0,0,0,0,0
12/19/17,just ,190,3600,12000,0,0,0,0,0,0,0,0,0,0
12/19/17,"thanks
ups reserves 125 tesla semitrucks largest public preorder yet",1200,11000,87000,0,1,0,0,0,0,0,0,0,1
12/20/17,falcon heavy launching  ,476,1600,18000,0,0,0,0,0,0,0,0,0,0
10/6/17,tesla semi unveil now nov 16 diveing resources  fix model 3 bottlenecksincrease battery production  pueo ricoother affected areas,2100,9700,54000,1,1,0,0,1,0,0,1,1,3
12/20/17, spacex team recently completed production   400th merlin 1d enginethe latest iteration  spacexs rocket engine  powers falcon 9  space <U+2192>,353,3800,22000,1,1,0,0,0,0,0,1,0,1
12/20/17,falcon heavy   cape,3200,29000,132000,0,0,0,0,0,0,0,0,0,0
12/20/17,max thrust  liftoff  51 million pounds  2300 metric tons first mission will run  92,467,1600,18000,0,0,0,0,0,0,0,0,0,0
12/21/17,"glad  see  tesla owners    good experience working  improve fuher  cool software updates coming soon
tesla tops owner satisfaction survey",823,2100,24000,0,4,0,0,3,0,1,2,0,5
12/21/17, love twitter,6400,37000,190000,0,0,0,0,1,0,0,0,0,1
12/22/17,"launch underway
t60 seconds  launch <U+2192>",861,4400,29000,0,1,0,0,0,0,0,0,0,1
12/22/17,nuclear alien ufo  noh korea,6800,99000,312000,0,0,1,1,0,0,0,0,1,0
12/23/17, strange  people often believe things inversely propoionate   evidence given  set  possible explanations  pick  extremely unlikely one,6100,25000,112000,0,0,0,0,0,0,0,0,0,1
12/23/17,  sinking feeling   people actually  think   aliens,3800,16000,118000,1,1,1,1,1,1,1,1,1,1
12/23/17,  get  new tesla software update go ho ho ho theres  easter egg inside  easter egg    funny,995,2800,36000,0,0,0,0,0,0,0,0,0,0
,,,,,146,378,78,198,284,146,146,412,309,770
